Combination_Name,Forward_Primer,Sequence_Forward,Genotype_Forward,GC_Content_Forward,Tm_min_Forward,Tm_max_Forward,Reverse_Primer,Sequence_Reverse,Genotype_Reverse,GC_Content_Reverse,Tm_min_Reverse,Tm_max_Reverse,Reference_Fwd,Start_Fwd,End_Fwd,Reference_Rev,Start_Rev,End_Rev,Region,Amplicon_Length
DENV1_6_LEFT_F_DENV1_5_RIGHT_R,TGCTGGTGACATTTAAGACAGC,,,,,,AGTGTGCATTGCTCCTTCTTGT,,,,,,,,,,,,Unknown,
DENV1_7_LEFT_F_DENV1_18_RIGHT_R,GAAGGAACAGATGCACCATGC,,,,,,TACCCTCTGGCCGCTATGCT,,,,,,,,,,,,Unknown,
DENV1_11_LEFT_F_CYD1_R,CCCACACTCTATGGAGCAATGG,,,,,,ACTTGAGCTCTCTCTTGCCAAAG,,,,,,,,,,,,Unknown,
DENV1_23_LEFT_F_DENV1_11_RIGHT_R,TCCGAACAAGGAGGAAGAGCC,,,,,,ACTTCCCCTGACCCTGCAGA,,,,,,,,,,,,Unknown,
DENV1_23_LEFT_F_DEN-1-REVERSE_R,TCCGAACAAGGAGGAAGAGCC,,,,,,CACCTGGCTGTCACCTCCAT,,,,,,,,,,,,Unknown,
DENV2_5_LEFT_F_DENV2_27_RIGHT_R,AGGACAAAAGGTTCGTCTGCAA,,,,,,AATTCACTTTTCCCCAGTGCGT,,,,,,,,,,,,Unknown,
DENV2_12_LEFT_F_DENV2_17_RIGHT_R,GGACCAGTGTCACAGCACAA,,,,,,GGTTTCGTTTGGACGGCTCT,,,,,,,,,,,,Unknown,
DENV2_12_LEFT_F_DEN-2_R,GGACCAGTGTCACAGCACAA,,,,,,AGGAGGAAGCTGGGTTGACA,,,,,,,,,,,,Unknown,
DENV2_13_LEFT_F_REVERSE_R,TACAGAGGTGAGGATGGATGCT,,,,,,TAGCCTTTCCCCAGCTTTTCCA,,,,,,,,,,,,Unknown,
DENV2_18_LEFT_F_DEN2_CC_1_R,GGAAGCTAGAAGGAGAATGGAAGG,,,,,,AGCACCATCTCATTGAAGTCGAGG,,,,,,,,,,,,Unknown,
DENV2_21_LEFT_F_DENV2_27_RIGHT_R,TGGGTCACGGATTTTAAAGGGA,,,,,,AATTCACTTTTCCCCAGTGCGT,,,,,,,,,,,,Unknown,
DENV2_21_LEFT_F_2G2P5_R,TGGGTCACGGATTTTAAAGGGA,,,,,,CCTCTTGGTGTTGGTCTTTGC,,,,,,,,,,,,Unknown,
DENV2_21_LEFT_F_DENV2_23_RIGHT_R,TGGGTCACGGATTTTAAAGGGA,,,,,,CGGCAGTTCACTGAGAGCAT,,,,,,,,,,,,Unknown,
DENV2_21_LEFT_F_MATK-1326_R,TGGGTCACGGATTTTAAAGGGA,,,,,,TCTAGCACACGAAAGTCGAAGT,,,,,,,,,,,,Unknown,
DENV2_22_LEFT_F_DENV2_31_RIGHT_R,AGCACAAAGAAGAGGGAGAATAGG,,,,,,TGTTCTCATCAGTGAATATGGCCC,,,,,,,,,,,,Unknown,
DENV2_22_LEFT_F_NS3-1-O_R,AGCACAAAGAAGAGGGAGAATAGG,,,,,,GGAACTCTGGACATGAGTGGGT,,,,,,,,,,,,Unknown,
DENV2_22_LEFT_F_D2_R,AGCACAAAGAAGAGGGAGAATAGG,,,,,,CCATYTGCAGCARCACCATCTC,,,,,,,,,,,,Unknown,
DENV2_22_LEFT_F_FAACOUFISPPAPR_4_R,AGCACAAAGAAGAGGGAGAATAGG,,,,,,CCATYTGCAGCARCACSATCTC,,,,,,,,,,,,Unknown,
DENV2_23_LEFT_F_DENV2_31_RIGHT_R,TGTGGACCTAATGAGAAGAGGAGA,,,,,,TGTTCTCATCAGTGAATATGGCCC,,,,,,,,,,,,Unknown,
DENV2_23_LEFT_F_D2_R,TGTGGACCTAATGAGAAGAGGAGA,,,,,,CCATYTGCAGCARCACCATCTC,,,,,,,,,,,,Unknown,
DENV2_23_LEFT_F_FAACOUFISPPAPR_4_R,TGTGGACCTAATGAGAAGAGGAGA,,,,,,CCATYTGCAGCARCACSATCTC,,,,,,,,,,,,Unknown,
DENV2_24_LEFT_F_DENV2_RN_R1_R,AGGAATTTGCAGCTGGAAGAAA,,,,,,AACTCACACGCAACCACTATC,,,,,,,,,,,,Unknown,
DENV2_25_LEFT_F_DEN-2_R,GCACAAATACAACCACACTGGA,,,,,,AGGAGGAAGCTGGGTTGACA,,,,,,,,,,,,Unknown,
DENV3_6_LEFT_F_DENV3_6_RIGHT_R,TGGATGGTACATAGGCAATGGTT,,,,,,TTTCCCTTGTCCATCCTCTGTG,,,,,,,,,,,,Unknown,
DENV3_6_LEFT_F_DENV3_27_RIGHT_R,TGGATGGTACATAGGCAATGGTT,,,,,,TCCATGTTGGGTGTTTCTGGTT,,,,,,,,,,,,Unknown,
DENV3_16_LEFT_F_DENV3_4_RIGHT_R,ACACAGAAAGCAGAACTGGAAGA,,,,,,GAGGTTCTCATGTTGCACCACT,,,,,,,,,,,,Unknown,
DENV3_16_LEFT_F_DEN3_CC_4_R,ACACAGAAAGCAGAACTGGAAGA,,,,,,AGCATAACCTGTCCCAGTTGC,,,,,,,,,,,,Unknown,
DENV3_18_LEFT_F_DENV3_18_RIGHT_R,TAATTTTGGCACCGACAAGGGT,,,,,,ATTGCCTGAATTCCATGAGCGT,,,,,,,,,,,,Unknown,
DENV3_18_LEFT_F_DENV3_19_RIGHT_R,TAATTTTGGCACCGACAAGGGT,,,,,,TCGCTACGGTGACTGGCATT,,,,,,,,,,,,Unknown,
DENV3_19_LEFT_F_DENV3_19_RIGHT_R,GAAGCCTTTCCCCAGAGCAA,,,,,,TCGCTACGGTGACTGGCATT,,,,,,,,,,,,Unknown,
DENV3_19_LEFT_F_DENV3_21_RIGHT_R,GAAGCCTTTCCCCAGAGCAA,,,,,,ACTGCATGCCTGTAAGCCCT,,,,,,,,,,,,Unknown,
DENV3_19_LEFT_F_DENV3_34_RIGHT_R,GAAGCCTTTCCCCAGAGCAA,,,,,,TTGTGTCATGGGAGGGGTCT,,,,,,,,,,,,Unknown,
DENV3_20_LEFT_F_DENV3_4_RIGHT_R,ACCCAAGAAGATGTCTCAAGCC,,,,,,GAGGTTCTCATGTTGCACCACT,,,,,,,,,,,,Unknown,
DENV3_20_LEFT_F_DEN3_CC_4_R,ACCCAAGAAGATGTCTCAAGCC,,,,,,AGCATAACCTGTCCCAGTTGC,,,,,,,,,,,,Unknown,
DENV3_21_LEFT_F_D2_R,CTGAAGGGTGAGTCCAGGAAGA,,,,,,CCATYTGCAGCARCACCATCTC,,,,,,,,,,,,Unknown,
DENV4_17_LEFT_F_D4_R,CCGAAAGAATTGGTGAGCCAGA,,,,,,AGGACTCGCAAAACGTGATGAAT,,,,,,,,,,,,Unknown,
DENV4_18_LEFT_F_D4_R,TGTCATCAACCAGGGTTCCAAA,,,,,,TCCACCYGAGACTCCTTCCA,,,,,,,,,,,,Unknown,
DENV4_20_LEFT_F_DENV4_20_RIGHT_R,TCTCCGGAGACCCACTAAAGAA,,,,,,AATCCTTCAAAGCCATGGGGTC,,,,,,,,,,,,Unknown,
DENV4_26_LEFT_F_DENV4_4_RIGHT_R,CCAAGTCTGCCCTGAAAGATGG,,,,,,CCGATGGTGACCTGGGAGTTAT,,,,,,,,,,,,Unknown,
DENV4_26_LEFT_F_D2_R,CCAAGTCTGCCCTGAAAGATGG,,,,,,CCATYTGCAGCARCACCATCTC,,,,,,,,,,,,Unknown,
DENV4_27_LEFT_F_D2_R,TGGGGAGTCATCTTCTAATCCAAC,,,,,,CCATYTGCAGCARCACCATCTC,,,,,,,,,,,,Unknown,
DENV4_27_LEFT_F_DENV4_15_RIGHT_R,TGGGGAGTCATCTTCTAATCCAAC,,,,,,CATTTGTCTCCGAGCCTCCATC,,,,,,,,,,,,Unknown,
DENV3_SP2_F_DENV3_21_RIGHT_R,GGGCTCTCCATCTCGTGAAG,,,,,,ACTGCATGCCTGTAAGCCCT,,,,,,,,,,,,Unknown,
DENV3_SP2_F_DENV3_34_RIGHT_R,GGGCTCTCCATCTCGTGAAG,,,,,,TTGTGTCATGGGAGGGGTCT,,,,,,,,,,,,Unknown,
DENV2_15_F_DEN2_CC_1_R,GACCTCCAAGGAATTGATGATGACC,,,,,,AGCACCATCTCATTGAAGTCGAGG,,,,,,,,,,,,Unknown,
DENV3_11_F_D3_R,CGGTGTGCTAGAGAGTGACATGATC,,,,,,GCACATGTTGATTCCAGAGGCTGTC,,,,,,,,,,,,Unknown,
DENV3_11_F_CLTC_R,CGGTGTGCTAGAGAGTGACATGATC,,,,,,CCCATTTTAAGTGGCTCCACCTCTC,,,,,,,,,,,,Unknown,
DENV2_RN_F2_F_DEN-2_R,CAGAGGATGGGGAAATGGATG,,,,,,AGGAGGAAGCTGGGTTGACA,,,,,,,,,,,,Unknown,
DENV2_RN_F2_F_GRP78_R,CAGAGGATGGGGAAATGGATG,,,,,,GACAGCAGCACCATACGCTA,,,,,,,,,,,,Unknown,
DENV2_RN_F2_F_DENV2_27_RIGHT_R,CAGAGGATGGGGAAATGGATG,,,,,,AATTCACTTTTCCCCAGTGCGT,,,,,,,,,,,,Unknown,
DENV2_RN_F2_F_DNM2_R,CAGAGGATGGGGAAATGGATG,,,,,,CATTTCAGACAGGGCTCTTTCA,,,,,,,,,,,,Unknown,
DENV3_RN_F1_F_DENV3_5_RIGHT_R,TGGACATAGAGCTCCAGAAGAC,,,,,,ACAAGAAGCTCTTTCCTGTTCCA,,,,,,,,,,,,Unknown,
DENV3_RN_F1_F_PRIMER_4_R,TGGACATAGAGCTCCAGAAGAC,,,,,,CAAGCTATGGCATTTGTAATGGC,,,,,,,,,,,,Unknown,
DENV3_RN_F1_F_DENV3_6_RIGHT_R,TGGACATAGAGCTCCAGAAGAC,,,,,,TTTCCCTTGTCCATCCTCTGTG,,,,,,,,,,,,Unknown,
DENV3_RN_F2_F_GRP78_R,CTGAGGAGCAGGACCAGAAC,,,,,,GACAGCAGCACCATACGCTA,,,,,,,,,,,,Unknown,
DENV4_RN_F2_F_D4_R,CAAGATGTCCAACGCAAGGAGA,,,,,,AGGACTCGCAAAACGTGATGAAT,,,,,,,,,,,,Unknown,
1721_F_DENV-4_R,AGGGAATGTCATAYACGATG,,,,,,AAGAAGACTGTTCGCTGGA,,,,,,,,,,,,Unknown,
GRP78_F_RPL27_R,ACTATGAAGCCCGTCCAGAA,,,,,,ACGACAGTTTTGTCCAAGGG,,,,,,,,,,,,Unknown,
DEN1_F5132_F_DENV1_19_RIGHT_R,CTTCCAGCCATAGTYCGWGAGGC,,,,,,GTGACGACGTAGTCCCAGTCGT,,,,,,,,,,,,Unknown,
DEN3_F5396_F_DENV3_4_RIGHT_R,ATAGCGGCTAGAGGGTACATATC,,,,,,GAGGTTCTCATGTTGCACCACT,,,,,,,,,,,,Unknown,
DEN3_F5396_F_DENV3_20_RIGHT_R,ATAGCGGCTAGAGGGTACATATC,,,,,,TTTGATCCCTTCTGAGGCTACTTT,,,,,,,,,,,,Unknown,
DEN3_F5396_F_DENV3_24_RIGHT_R,ATAGCGGCTAGAGGGTACATATC,,,,,,AGGTGATCCTTCCCAGAGTGTT,,,,,,,,,,,,Unknown,
DEN4_F5299_F_D2_R,CTCATGTGYCATGCAACCTTCAC,,,,,,CCATYTGCAGCARCACCATCTC,,,,,,,,,,,,Unknown,
NS3-1-O_F_NS3-1-I_R,CAGGACTTTTCCCCGTATCA,,,,,,TTGAGGAAATGGGTCTCTGC,,,,,,,,,,,,Unknown,
NS3-1-SEQ_F_DENV2_RN_R1_R,CCAGGTCTTGGCATTAGAGC,,,,,,AACTCACACGCAACCACTATC,,,,,,,,,,,,Unknown,
NS3-1-SEQ_F_DOASSMFPSAGODV_6_R,CCAGGTCTTGGCATTAGAGC,,,,,,CAGCTCACAACGCAACCAC,,,,,,,,,,,,Unknown,
NS3-2-I_F_RPS29_R,AGCAGAGACCCATTTCCTCA,,,,,,ATAGGCAGTGCCAAGGAAGA,,,,,,,,,,,,Unknown,
NS3-2-I_F_NS3-2-O_R,AGCAGAGACCCATTTCCTCA,,,,,,AGCATGATTGTACGCCCTTC,,,,,,,,,,,,Unknown,
NS3-2-SEQ-I_F_DOASSMFPSAGODV_6_R,GGCAGAAATGGGTGCTAACT,,,,,,CAGCTCACAACGCAACCAC,,,,,,,,,,,,Unknown,
NS3-2-SEQ-I_F_RPS29_R,GGCAGAAATGGGTGCTAACT,,,,,,ATAGGCAGTGCCAAGGAAGA,,,,,,,,,,,,Unknown,
NS3-2-SEQ-I_F_NS3-2-O_R,GGCAGAAATGGGTGCTAACT,,,,,,AGCATGATTGTACGCCCTTC,,,,,,,,,,,,Unknown,
NS3-2-SEQ-I_F_RPL27_R,GGCAGAAATGGGTGCTAACT,,,,,,ACGACAGTTTTGTCCAAGGG,,,,,,,,,,,,Unknown,
DV2.U_F_D2_R,AAGGTGAGATGAAGCTGTAGTCTC,,,,,,CCATYTGCAGCARCACCATCTC,,,,,,,,,,,,Unknown,
DV2.U_F_FAACOUFISPPAPR_4_R,AAGGTGAGATGAAGCTGTAGTCTC,,,,,,CCATYTGCAGCARCACSATCTC,,,,,,,,,,,,Unknown,
DV2.U_F_DEN-2_C_R,AAGGTGAGATGAAGCTGTAGTCTC,,,,,,CCATCTGCAGCAACACCATCTC,,,,,,,,,,,,Unknown,
D4S_F_DENV-4_R,CCATTATGGCTGTGTTGTTT,,,,,,AAGAAGACTGTTCGCTGGA,,,,,,,,,,,,Unknown,
D4S_F_1545-1563_R,CCATTATGGCTGTGTTGTTT,,,,,,GCACGAGCCATGTTTTCTT,,,,,,,,,,,,Unknown,
RSS22_F_GRP78_R,GTTTTCATGCTCGGGGAAGAT,,,,,,GACAGCAGCACCATACGCTA,,,,,,,,,,,,Unknown,
D3F791_F_D1_R,CAAGTCGAGAAGGTAGAGAC,,,,,,CTTCTGTGCCAGACACTAGA,,,,,,,,,,,,Unknown,
D3F1187_F_DEN3-1752_R,GAGCAGGACCAGAACTACGT,,,,,,CCCGCGAAAATGCTTGTGC,,,,,,,,,,,,Unknown,
D3F1187_F_GRP78_R,GAGCAGGACCAGAACTACGT,,,,,,GACAGCAGCACCATACGCTA,,,,,,,,,,,,Unknown,
D3F1927_F_D3R2095_R,CAAGATTCCTTTCTCCAC,,,,,,GATTTTCAGGGCTTTGTC,,,,,,,,,,,,Unknown,
DENV-2_F_DENV-2_R,TCCATACACGCCAAACATGAA,,,,,,AGCACTCCATCGTGACAGT,,,,,,,,,,,,Unknown,
FORWARD_F_DENV2_8_RIGHT_R,GGTTGTAGGAGATGTTGCTGGG,,,,,,AGCTCACAACGCAACCACTATC,,,,,,,,,,,,Unknown,
DEN-2_F_DENV2_5_RIGHT_R,CAGGTTATGGCACTGTCACGAT,,,,,,AACGGCAGGTCTAGGAACCATT,,,,,,,,,,,,Unknown,
DEN-2_F_DENV-2_R,CAGGTTATGGCACTGTCACGAT,,,,,,CCATTTGCAGCAACACCATCTC,,,,,,,,,,,,Unknown,
DEN-2_F_DENV2_27_RIGHT_R,CAGGTTATGGCACTGTCACGAT,,,,,,AATTCACTTTTCCCCAGTGCGT,,,,,,,,,,,,Unknown,
DEN-2_F_DENV2_16_RIGHT_R,CAGGTTATGGCACTGTCACGAT,,,,,,CCCGTTGTTTCTTCACTTCCCA,,,,,,,,,,,,Unknown,
CF40FBAMHI_F_DEN2_CC_1_R,ATTAGGATCCGCCGATTTAGAACTG,,,,,,AGCACCATCTCATTGAAGTCGAGG,,,,,,,,,,,,Unknown,
D1SEQ8_F_DENV1_28_R,AGCCCTGTTCTAGGTGAGCAATC,,,,,,TCCACTGCCACATGTCTTGTTCC,,,,,,,,,,,,Unknown,
D3SEQ2_F_DEN3-1752_R,TGGCAAGGGAAGCTTGGTAA,,,,,,CCCGCGAAAATGCTTGTGC,,,,,,,,,,,,Unknown,
D4SEQ2_F_RSS23_R,GAGGAGTTGTGACATGTGC,,,,,,CTTCTGTGTGTCTGCTCCT,,,,,,,,,,,,Unknown,
D4SEQ4_F_RSS24_R,GCTGAGAATACCAACAGTGTAACCA,,,,,,GAGAACTTTCCTGAAGCACATCGT,,,,,,,,,,,,Unknown,
1437-1458_F_P1_R,GAGTTCCATCACAGAAGCAGAA,,,,,,CTGCAGCATTTCCAAGTGAGA,,,,,,,,,,,,Unknown,
DENV2C_F_P1_R,CTCTAACATCCACCACAACAGA,,,,,,CTGCAGCATTTCCAAGTGAGA,,,,,,,,,,,,Unknown,
DENV2C_F_DENV-2_R,CTCTAACATCCACCACAACAGA,,,,,,GGGATTTCCTCCCATGATTCC,,,,,,,,,,,,Unknown,
DENV2C_F_DEN-2_R,CTCTAACATCCACCACAACAGA,,,,,,AGGAGGAAGCTGGGTTGACA,,,,,,,,,,,,Unknown,
DENV2C_F_B2_R,CTCTAACATCCACCACAACAGA,,,,,,GGGATTTTAGCTGGAGAGCC,,,,,,,,,,,,Unknown,
FAACOUFISPPAPR_3_F_DENV2_27_RIGHT_R,CAGGYTATGGCACYRTCACRAT,,,,,,AATTCACTTTTCCCCAGTGCGT,,,,,,,,,,,,Unknown,
DEN3_FORWARD_F_D3R1758_R,CCATTCTTGGCTTTGGGATTC,,,,,,CTTGTGCCTCCTGAGGTTTG,,,,,,,,,,,,Unknown,
DEN4_FORWARD_F_RPS29_R,CCATTATGGCTGTGTTGTTTG,,,,,,ATAGGCAGTGCCAAGGAAGA,,,,,,,,,,,,Unknown,
DEN_E-5B_F_GRP78_R,GGATCCGTTAACATCGAAGCC,,,,,,GACAGCAGCACCATACGCTA,,,,,,,,,,,,Unknown,
D2S_F_DENV-2_R,GTTCCTCTGCAAACACTCCA,,,,,,AGCACTCCATCGTGACAGT,,,,,,,,,,,,Unknown,
DSP4_F_DENV4_20_RIGHT_R,CCTGGTTGATGACAAAAGTCTTG,,,,,,AATCCTTCAAAGCCATGGGGTC,,,,,,,,,,,,Unknown,
DSP4_F_DEN4_REVERSE_R,CCTGGTTGATGACAAAAGTCTTG,,,,,,GTAAGTTGGCAAACTGGCAATC,,,,,,,,,,,,Unknown,
