Primer,Sequence,Genotype
D2_R,TTGCACCAACAGTCAATGTCTTCAGGTTC,ALL
1G1P1_F,CAAACCATGGAAGCTGTACG,DENV1
1G1P1_R,TTCTGTGCCTGGAATGATGCT,DENV1
2G2P5_F,GAGTGGAGTGGAAGGAGAAGGG,DENV2
2G2P5_R,CCTCTTGGTGTTGGTCTTTGC,DENV2
1G3P6_F,CAGACTAGTGGTTAGAGGAGA,DENV1
1G3P6_R,GGAATGATGCTGTAGAGACA,DENV1
1G4P217_F,ATATGCTGAAACGCGTGAG,DENV3
1G4P217_R,CATCATGAGACAGAGCGAT,DENV3
1G5P30_F,TTCCAACAAGCAGAACAACAT,DENV4
1G5P30_R,GCTACAGGCAGCACGGTTT,DENV4
MsoaiN_1_F,AAACCGCGTGTCGACTGTGC,ALL
MsoaiN_2_R,TAGGAAACGAAGGAATGCCACC,ALL
DENV1_1_LEFT_F,ACGTGGACCGACAAGAACAG,DENV1
DENV1_1_RIGHT_R,ACTATCATGTGCGGCTCTCC,DENV1
DENV1_2_LEFT_F,TGACCATGCTCCTTATGCTG,DENV1
DENV1_2_RIGHT_R,CAAGCGCCTTCAGAGGACAT,DENV1
DENV1_3_LEFT_F,CACCGACGAGACAAACGTTC,DENV1
DENV1_3_RIGHT_R,AGGGTTTGTGACTTCCGTCTT,DENV1
DENV1_4_LEFT_F,GGAAGTTGCGTCACCACCAT,DENV1
DENV1_4_RIGHT_R,CCATGTTCTGTGCTTTCATTTCC,DENV1
DENV1_5_LEFT_F,AAACTGGAAGGAAAGATAGTTCAATATGA,DENV1
DENV1_5_RIGHT_R,AGTGTGCATTGCTCCTTCTTGT,DENV1
DENV1_6_LEFT_F,TGCTGGTGACATTTAAGACAGC,DENV1
DENV1_6_RIGHT_R,TGTTGACTGGTTTTTCTTTGTCAGT,DENV1
DENV1_7_LEFT_F,GAAGGAACAGATGCACCATGC,DENV1
DENV1_7_RIGHT_R,CCATGTCAGCAGAACCCCTATTCC,DENV1
DENV1_8_LEFT_F,ACACCAGATTTTTGGAACTGCAT,DENV1
DENV1_8_RIGHT_R,TCATTTGATATTTGCTTCCACATGATGT,DENV1
DENV1_9_LEFT_F,TGAAGTTCACACTTGGACAGAGC,DENV1
DENV1_9_RIGHT_R,ACTTCCCAAATGTTCCATGCTCT,DENV1
DENV1_10_LEFT_F,GAAAAGCTGGGGAAAGGCTAAA,DENV1
DENV1_10_RIGHT_R,TGTGCTGAGATATTGGTCCTCC,DENV1
DENV1_11_LEFT_F,CCCACACTCTATGGAGCAATGG,DENV1
DENV1_11_RIGHT_R,ACTTCCCCTGACCCTGCAGA,DENV1
DENV1_12_LEFT_F,ACAGGAAAGATAATTCATGAATGGTG,DENV1
DENV1_12_RIGHT_R,AACATTGGTCTCATTTTAAAAGTGGC,DENV1
DENV1_13_LEFT_F,TATGCATCATGGTTGGAGCCAA,DENV1
DENV1_13_RIGHT_R,TTTTTGGGAGGTCGTGGACAG,DENV1
DENV1_14_LEFT_F,GCAATGGGCATTATGATTTTAAAAT,DENV1
DENV1_14_RIGHT_R,GCTATTAGCATGCCTCCAGCTA,DENV1
DENV1_15_LEFT_F,ATCTGGGGAAGGAAAAGTTGGC,DENV1
DENV1_15_RIGHT_R,CCAGATCTCTGTTTCTTTTTCTGCC,DENV1
DENV1_16_LEFT_F,AAGATAAAGGATGAAGAGAGAGATGACAC,DENV1
DENV1_16_RIGHT_R,TCTTCTCCCGTGTTCCAGGATC,DENV1
DENV1_17_LEFT_F,TGTATCAAGGGAAGAGACTGGA,DENV1
DENV1_17_RIGHT_R,ATCCTGGATGTAGGTCCATTATTGT,DENV1
DENV1_18_LEFT_F,GCTCAAGCTAAAGCATCACAAGA,DENV1
DENV1_18_RIGHT_R,TACCCTCTGGCCGCTATGCT,DENV1
DENV1_19_LEFT_F,TCTCCCGTGAGAGTTCCCAA,DENV1
DENV1_19_RIGHT_R,GTGACGACGTAGTCCCAGTCGT,DENV1
DENV1_20_LEFT_F,AAACGGGTGATTCAATTGAGCA,DENV1
DENV1_20_RIGHT_R,GCTCGAAGAGGGCTGGGATAAT,DENV1
DENV1_21_LEFT_F,CACGCTCACTGGACAGAAGCA,DENV1
DENV1_21_RIGHT_R,TCTTCTTCCTGCTGCAAACTCT,DENV1
DENV1_22_LEFT_F,CTGACAGAAGATGGTGCTTTGA,DENV1
DENV1_22_RIGHT_R,GTCACTCCACCAGTTAACACA,DENV1
DENV1_23_LEFT_F,TCCGAACAAGGAGGAAGAGCC,DENV1
DENV1_23_RIGHT_R,CCCTAAGTCTTTCTTTGTGGTT,DENV1
DENV1_24_LEFT_F,GCTGGCATATGTGGTGATAGGT,DENV1
DENV1_24_RIGHT_R,CATCAATACCGCCGCTGTCA,DENV1
DENV1_25_LEFT_F,GGACATAGGAGTTCCACTTCTCG,DENV1
DENV1_25_RIGHT_R,GCTATCGTGGTGTTCCAAAATTT,DENV1
DENV1_26_LEFT_F,ATGGGCCTTGTGCGAATCCATC,DENV1
DENV1_26_RIGHT_R,GGTTTCACAAGGTTCCTCTCCA,DENV1
DENV1_27_LEFT_F,AAGAGGAGAAACAACCAAACATG,DENV1
DENV1_27_RIGHT_R,TTTCCTCTGAGCCATGGTTCCA,DENV1
DENV1_28_LEFT_F,GTGTGATATTGGTGAGTCCTCTCC,DENV1
DENV1_28_RIGHT_R,TCTGGCCAATGATATCTAGGTTGG,DENV1
DENV1_29_LEFT_F,ACAATGGCTCACAGGAAACC,DENV1
DENV1_29_RIGHT_R,CACTTGGCTGTCACCTCCAT,DENV1
DENV1_30_LEFT_F,CTACACCCTTTGGACAACAGAG,DENV1
DENV1_31_LEFT_F,TGTGTTTACAACATGATGGGGAA,DENV1
DENV1_31_RIGHT_R,TTTTTGCTGGTCTCTGTACCC,DENV1
DENV1_32_LEFT_F,AGAATGAGGCCAAAATTACTGACA,DENV1
DENV1_32_RIGHT_R,TCAGAGCTGTTAAGGCTGTTGC,DENV1
DENV1_33_LEFT_F,TGAAAAGAATGGCAATCAGCGG,DENV1
DENV1_33_RIGHT_R,AACTGGAACGGCTGAACAGAT,DENV1
DENV1_34_LEFT_F,TATGCACAAATGTGGCAGCTGA,DENV1
DENV1_34_RIGHT_R,TCTTGAATCTCTTCATTGATGTCATGT,DENV1
DENV1_35_LEFT_F,CTGGGCCACCAACATACAAGT,DENV1
DENV1_35_RIGHT_R,AGGGGTCTCCTCTAACCACTAG,DENV1
DENV2_1_LEFT_F,CGTGGACCGACAAAGACAGA,DENV2
DENV2_1_RIGHT_R,TGACGATCATGTGTGGTTCTCC,DENV2
DENV2_2_LEFT_F,GCTGAACATCTTGAACAGGAGAC,DENV2
DENV2_2_RIGHT_R,TGATGACATCCATGTTTCAGTTCG,DENV2
DENV2_3_LEFT_F,ACGTCCACATGGGTAACTTATGG,DENV2
DENV2_3_RIGHT_R,TTTTTCGCCATCGTCGTCAC,DENV2
DENV2_4_LEFT_F,TCACTCCTTCAATGACAATGCG,DENV2
DENV2_4_RIGHT_R,CCTTCCATGTTCTTTTTGCATGTGA,DENV2
DENV2_5_LEFT_F,AGGACAAAAGGTTCGTCTGCAA,DENV2
DENV2_5_RIGHT_R,AACGGCAGGTCTAGGAACCATT,DENV2
DENV2_6_LEFT_F,GGCCTCGACTTCAATGAGATGG,DENV2
DENV2_6_RIGHT_R,ACTATTGTTCCATGTTGTGTTTCTG,DENV2
DENV2_7_LEFT_F,AGGAAACTTACTGTTCACAGGA,DENV2
DENV2_7_RIGHT_R,GTTGTCTCAAACATTTGGCCGA,DENV2
DENV2_8_LEFT_F,AGAAGCAGAACCTCCATTCGGA,DENV2
DENV2_8_RIGHT_R,AGCTCACAACGCAACCACTATC,DENV2
DENV2_9_LEFT_F,CACATGGATAGGAATGAACTCACG,DENV2
DENV2_9_RIGHT_R,TCGTTTTCCTGCCTGCATGATT,DENV2
DENV2_10_LEFT_F,TGTGGAAACAAATAACACCAGAATTGA,DENV2
DENV2_10_RIGHT_R,TAACCCATATCGGCATGGACGG,DENV2
DENV2_11_LEFT_F,CCCAACACAAACAGAGCTTGGA,DENV2
DENV2_11_RIGHT_R,AGTCCATCTCAAGCTTGCCTAG,DENV2
DENV2_12_LEFT_F,GGACCAGTGTCACAGCACAA,DENV2
DENV2_12_RIGHT_R,CATGTTTCGTTCCTACTCGGGT,DENV2
DENV2_13_LEFT_F,TACAGAGGTGAGGATGGATGCT,DENV2
DENV2_13_RIGHT_R,GGTGGTCATCATCAATTCCTTGG,DENV2
DENV2_14_LEFT_F,TATCTTGCCCTACTAGCAGCCT,DENV2
DENV2_14_RIGHT_R,AAAATGGCTGTTGGATTGAGAC,DENV2
DENV2_15_LEFT_F,ACTGGCAGTGGTGTCCGTTT,DENV2
DENV2_15_RIGHT_R,TCTTTATCGACATGCTGCCATCT,DENV2
DENV2_16_LEFT_F,AGCAAGAAAAGGAGCTGGCC,DENV2
DENV2_16_RIGHT_R,CCCGTTGTTTCTTCACTTCCCA,DENV2
DENV2_17_LEFT_F,TCAATACCAATCACGGCAGCAG,DENV2
DENV2_17_RIGHT_R,GGTTTCGTTTGGACGGCTCT,DENV2
DENV2_18_LEFT_F,GGAAGCTAGAAGGAGAATGGAAGG,DENV2
DENV2_18_RIGHT_R,TTATGGCTTCTCTGACTATGGC,DENV2
DENV2_19_LEFT_F,AGTGCTATAGCCCAGACTGAAAA,DENV2
DENV2_19_RIGHT_R,GTTGAGATGTATCCTCTAGCTGCT,DENV2
DENV2_20_LEFT_F,ACCATGAGGCTGCTATCACCA,DENV2
DENV2_20_RIGHT_R,CACGAAGTCCCAATCATTGGTTC,DENV2
DENV2_21_LEFT_F,TGGGTCACGGATTTTAAAGGGA,DENV2
DENV2_21_RIGHT_R,GTGCACAGTCTTCATCATTTTCCA,DENV2
DENV2_22_LEFT_F,AGCACAAAGAAGAGGGAGAATAGG,DENV2
DENV2_22_RIGHT_R,TCCTTTCCCCTTCTTTTGTCCA,DENV2
DENV2_23_LEFT_F,TGTGGACCTAATGAGAAGAGGAGA,DENV2
DENV2_23_RIGHT_R,CGGCAGTTCACTGAGAGCAT,DENV2
DENV2_24_LEFT_F,AGGAATTTGCAGCTGGAAGAAA,DENV2
DENV2_24_RIGHT_R,GTTCTCTGTTTTTCTGGTTCTGG,DENV2
DENV2_25_LEFT_F,GCACAAATACAACCACACTGGA,DENV2
DENV2_25_RIGHT_R,CCCATTAACACTGTGGCTTGGT,DENV2
DENV2_26_LEFT_F,AGATCTACGTCCTGCATCAGC,DENV2
DENV2_26_RIGHT_R,TGCTTTTCAAACTTTGGATCATAGGGT,DENV2
DENV2_27_LEFT_F,CGGGCATCATGAAAAACCCAAC,DENV2
DENV2_27_RIGHT_R,AATTCACTTTTCCCCAGTGCGT,DENV2
DENV2_28_LEFT_F,CCGGAGCTGGACTTCTCTTTTC,DENV2
DENV2_28_RIGHT_R,ATGTTGACATGGGGATGGGTTC,DENV2
DENV2_29_LEFT_F,GGGGCTGGTCATACTATTGTGG,DENV2
DENV2_29_RIGHT_R,ACCCAGTACATCTCATGTGTGGA,DENV2
DENV2_30_LEFT_F,ACACCCAATTTTGCATAAAGGTTCT,DENV2
DENV2_30_RIGHT_R,TGTTTTGTTTCATAGCTGCCATGG,DENV2
DENV2_31_LEFT_F,CAAGAGCATGAAACATCATGGCA,DENV2
DENV2_31_RIGHT_R,TGTTCTCATCAGTGAATATGGCCC,DENV2
DENV2_32_LEFT_F,ACCCAAGAACCGAAAGAAGGC,DENV2
DENV2_32_RIGHT_R,TCATTCAAGAATCCTAGGGCTTCA,DENV2
DENV2_33_LEFT_F,AAGGCAAAAGGCAGCAGAGC,DENV2
DENV2_33_RIGHT_R,CCTCTTTGGTCTCTTCTCGATATGA,DENV2
DENV2_34_LEFT_F,ACAAACCACATGGAAGGAGAACA,DENV2
DENV2_34_RIGHT_R,AACCTTTCCCATGTCATTTAGAGC,DENV2
DENV2_35_LEFT_F,TATCAAGAATGGCCATCAGTGG,DENV2
DENV2_35_RIGHT_R,GTTGTTCGACTTGTTGGAACCC,DENV2
DENV2_36_LEFT_F,TGTACTTCCACAGACGTGACCT,DENV2
DENV2_36_RIGHT_R,CCTGCCTCTTCCTCTTCTCTTC,DENV2
DENV2_37_LEFT_F,GTCAGATCCCTTATAGGCAATGAGG,DENV2
DENV2_37_RIGHT_R,TACAGCTTCATCTCACCTTGGG,DENV2
DENV3_1_LEFT_F,CGTGGACCGACAAGAACAGTTT,DENV3
DENV3_1_RIGHT_R,TCATCATGAGACAGAGCGATGTC,DENV3
DENV3_2_LEFT_F,AGAAGTCGGGGGCTATTAAGGT,DENV3
DENV3_2_RIGHT_R,GATCTCTTGTCGCGTCTATGCT,DENV3
DENV3_3_LEFT_F,CCTGAAGACATTGACTGCTGGT,DENV3
DENV3_3_RIGHT_R,GTGTTCGAGCACCACGTCAA,DENV3
DENV3_4_LEFT_F,GAGATGTGTGGGAGTAGGAAACA,DENV3
DENV3_4_RIGHT_R,GAGGTTCTCATGTTGCACCACT,DENV3
DENV3_5_LEFT_F,GGGAAACGGTTGTGGTTTGTTT,DENV3
DENV3_5_RIGHT_R,ACAAGAAGCTCTTTCCTGTTCCA,DENV3
DENV3_6_LEFT_F,TGGATGGTACATAGGCAATGGTT,DENV3
DENV3_6_RIGHT_R,TTTCCCTTGTCCATCCTCTGTG,DENV3
DENV3_7_LEFT_F,TGAATACCTTTGTGTTGAAGAAAGAAGT,DENV3
DENV3_7_RIGHT_R,TGGTGCACCATTTTCCCTAATGA,DENV3
DENV3_8_LEFT_F,TCGATTGGGAAGATGTTCGAGG,DENV3
DENV3_8_RIGHT_R,GTATTGCTCTGTCCAGGTGTGG,DENV3
DENV3_9_LEFT_F,ACATGGGGTGTGTCATAAACTGG,DENV3
DENV3_9_RIGHT_R,TTGGCCCATCTATTATGAAAGAGGA,DENV3
DENV3_10_LEFT_F,CCACAGCCCATGGAGCTAAAAT,DENV3
DENV3_10_RIGHT_R,CATGTCACTCTCTAGCACACCA,DENV3
DENV3_11_LEFT_F,AGAAAAAGCATCCCTCATAGAGGT,DENV3
DENV3_11_RIGHT_R,AGACTTTACCATGTTCTCTTCTTTCTCA,DENV3
DENV3_12_LEFT_F,ACACTTCCTCCCCTGCGATA,DENV3
DENV3_12_RIGHT_R,AGGAAGAATCCCAAAGCCAAGA,DENV3
DENV3_13_LEFT_F,TAATGATTGGGTCCAACGCCTC,DENV3
DENV3_13_RIGHT_R,AGCCAATCTGTTTTCCTCATGCT,DENV3
DENV3_14_LEFT_F,GTTGACTGTTGCCTGGAGAACA,DENV3
DENV3_14_RIGHT_R,TGGGACACTCCTGTTTGCTC,DENV3
DENV3_15_LEFT_F,TACGTCATAACTGGCACGTCAG,DENV3
DENV3_15_RIGHT_R,TCCTTCTTTCTGTACTCCAACCC,DENV3
DENV3_16_LEFT_F,ACACAGAAAGCAGAACTGGAAGA,DENV3
DENV3_16_RIGHT_R,AGTCCCACTACCTTTCCCTCTC,DENV3
DENV3_17_LEFT_F,GGGGAAATAGGAGCAATTGCAC,DENV3
DENV3_17_RIGHT_R,TCCTGTGTGTTCAGATTTTGTTGC,DENV3
DENV3_18_LEFT_F,TAATTTTGGCACCGACAAGGGT,DENV3
DENV3_18_RIGHT_R,ATTGCCTGAATTCCATGAGCGT,DENV3
DENV3_19_LEFT_F,GAAGCCTTTCCCCAGAGCAA,DENV3
DENV3_19_RIGHT_R,TCGCTACGGTGACTGGCATT,DENV3
DENV3_20_LEFT_F,ACCCAAGAAGATGTCTCAAGCC,DENV3
DENV3_20_RIGHT_R,TTTGATCCCTTCTGAGGCTACTTT,DENV3
DENV3_21_LEFT_F,CTGAAGGGTGAGTCCAGGAAGA,DENV3
DENV3_21_RIGHT_R,ACTGCATGCCTGTAAGCCCT,DENV3
DENV3_22_LEFT_F,TAGCCCACAGAACGAGAAACG,DENV3
DENV3_22_RIGHT_R,CATTTCATTGGCTGCTACTATTGCA,DENV3
DENV3_23_LEFT_F,AGAGAACTCCCCAAGACAACCA,DENV3
DENV3_23_RIGHT_R,GTGGGTTCACTTGTGAATAGCAA,DENV3
DENV3_24_LEFT_F,TGGGTTTAGACAAAGGATGGCC,DENV3
DENV3_24_RIGHT_R,AGGTGATCCTTCCCAGAGTGTT,DENV3
DENV3_25_LEFT_F,CAACTTTTGTTAATGAGAACATCATGGG,DENV3
DENV3_25_RIGHT_R,TCCACGAACCATTGAAGTTTTGC,DENV3
DENV3_26_LEFT_F,AGTGGATAGAACAGAAGCCAAAGA,DENV3
DENV3_26_RIGHT_R,TGGTTCAACCATCTTCAAAACTCTT,DENV3
DENV3_27_LEFT_F,ACCCTATTGTGTGACATTGGAGA,DENV3
DENV3_27_RIGHT_R,TCCATGTTGGGTGTTTCTGGTT,DENV3
DENV3_28_LEFT_F,ACAGGAGACCCACCATAGAGAA,DENV3
DENV3_28_RIGHT_R,TCCGCTGTGATCTCCATAACCT,DENV3
DENV3_29_LEFT_F,GGCCAGCAAAGAGTTTTTAAAGAGA,DENV3
DENV3_30_LEFT_F,AACATGATGGGCAAGAGAGAGAA,DENV3
DENV3_30_RIGHT_R,GGTCGTTGGACTTTGACCACTT,DENV3
DENV3_31_LEFT_F,AGCAAATGGACCCTGAACACAG,DENV3
DENV3_31_RIGHT_R,TTCCCATATCGTTCAGGGCAAG,DENV3
DENV3_32_LEFT_F,AAAAGAATGGCCATCAGCGGG,DENV3
DENV3_32_RIGHT_R,CCCAATGGACTGGTACTGCTGA,DENV3
DENV3_33_LEFT_F,GGGAAAGCCTACGCTCAAATGT,DENV3
DENV3_33_RIGHT_R,TCATCGAAGGCATGTAGTCCAG,DENV3
DENV3_34_LEFT_F,GTCTCACTTCCAGAGCAACCTG,DENV3
DENV3_34_RIGHT_R,TTGTGTCATGGGAGGGGTCT,DENV3
DENV3_35_LEFT_F,CACCTTAAGCCACAGTACGGAA,DENV3
DENV3_35_RIGHT_R,CAGCACCATTCCATTTTCTGGC,DENV3
DENV4_1_LEFT_F,GACCGACAAGGACAGTTCCA,DENV4
DENV4_1_RIGHT_R,AGAGGTCTCCCCCTTTCRTGTT,DENV4
DENV4_2_LEFT_F,ACCGTAATGGCGTTTCACTTGT,DENV4
DENV4_2_RIGHT_R,GGTTTCTGAGTATCCAGCTCTCTAC,DENV4
DENV4_3_LEFT_F,CATTCAGGAATGGGATTGGAAACA,DENV4
DENV4_3_RIGHT_R,GTGGTTATGTTTGATATTGAGGCTTCA,DENV4
DENV4_4_LEFT_F,ATGGCCCAGGGAAAACCAAC,DENV4
DENV4_4_RIGHT_R,CCGATGGTGACCTGGGAGTTAT,DENV4
DENV4_5_LEFT_F,TCCACAATGGAGACACCCATG,DENV4
DENV4_5_RIGHT_R,CCATCACCGGAATCCACTTCTG,DENV4
DENV4_6_LEFT_F,GTTCACTGGAATCACAAAGAGAGAA,DENV4
DENV4_6_RIGHT_R,TGGTATTCTCAGCAAAAGGGGT,DENV4
DENV4_7_LEFT_F,ACAGCATGGGACAACAGTGGT,DENV4
DENV4_7_RIGHT_R,CATCCATGAGACTCCTCCAAACA,DENV4
DENV4_8_LEFT_F,TTGGTTCCGTTGGTGGACTG,DENV4
DENV4_8_RIGHT_R,ATTTTCCAGCCTCGTGGTTGAT,DENV4
DENV4_9_LEFT_F,ATTTCAACCAGAGTCTCCAGCG,DENV4
DENV4_9_RIGHT_R,CCATATGTTGGTCGTGAACATGC,DENV4
DENV4_10_LEFT_F,GAATGCCCCAATGAACGAAGAG,DENV4
DENV4_10_RIGHT_R,AATTTGCCCAAGTGCCATGG,DENV4
DENV4_11_LEFT_F,CATATGCAGGCCCTTTTTCACA,DENV4
DENV4_11_RIGHT_R,TCTTCTCCTCAAGCATTCTTCCAC,DENV4
DENV4_12_LEFT_F,AAGAGAACATGGTCAAATCACAGG,DENV4
DENV4_12_RIGHT_R,AGTTCCATAAGGTCATGTGGAATTG,DENV4
DENV4_13_LEFT_F,ACTCACTTCAAGAGAGACAGCAC,DENV4
DENV4_13_RIGHT_R,CAGCCATTATGCCCTCGTTAAG,DENV4
DENV4_14_LEFT_F,CAAGCTCTGCCAGTGTACCTAA,DENV4
DENV4_14_RIGHT_R,GGAATTGCCAAGGGGTAGAGAC,DENV4
DENV4_15_LEFT_F,GACGTCGAGGAAACCAACATGA,DENV4
DENV4_15_RIGHT_R,CATTTGTCTCCGAGCCTCCATC,DENV4
DENV4_16_LEFT_F,TGGGAGATTGGAGCCATCTTGG,DENV4
DENV4_16_RIGHT_R,CTCCGGGATGTAAGTCCATTATAGT,DENV4
DENV4_17_LEFT_F,CCGAAAGAATTGGTGAGCCAGA,DENV4
DENV4_17_RIGHT_R,TATCCTCTAGCCGCGACACT,DENV4
DENV4_18_LEFT_F,TGTCATCAACCAGGGTTCCAAA,DENV4
DENV4_18_RIGHT_R,CCACAAAATCCCAGTCCGTGAG,DENV4
DENV4_19_LEFT_F,AATTGTTTGAGAAAGTCGGGAAAGA,DENV4
DENV4_19_RIGHT_R,CAAACAATGTTGGAATGATCCCTTC,DENV4
DENV4_20_LEFT_F,TCTCCGGAGACCCACTAAAGAA,DENV4
DENV4_20_RIGHT_R,AATCCTTCAAAGCCATGGGGTC,DENV4
DENV4_21_LEFT_F,AGGTTGAAATTTGGACTAGAGAGGG,DENV4
DENV4_21_RIGHT_R,ACCCAAAGCAAGCCACTAGC,DENV4
DENV4_22_LEFT_F,CAACACGCCCTGAACGAACT,DENV4
DENV4_22_RIGHT_R,TCCACATCAAGGATGGTGGTTT,DENV4
DENV4_23_LEFT_F,TCAATTGATCTACGTCATATTGACCATT,DENV4
DENV4_23_RIGHT_R,CCTGGGCCTATTATTGCATAATGGA,DENV4
DENV4_24_LEFT_F,TGGGATGCTATTCTCAAGTGAACC,DENV4
DENV4_24_RIGHT_R,AGCTTCCCCTGAAAATGTTGGC,DENV4
DENV4_25_LEFT_F,TCTGCGAAGTCTTGACTTTGGC,DENV4
DENV4_25_RIGHT_R,TGGCTTTACCATCCCTCTTTCAA,DENV4
DENV4_26_LEFT_F,CCAAGTCTGCCCTGAAAGATGG,DENV4
DENV4_26_RIGHT_R,AGAATTCAGGTTTTGAAGAGAGCCA,DENV4
DENV4_27_LEFT_F,TGGGGAGTCATCTTCTAATCCAAC,DENV4
DENV4_27_RIGHT_R,AGCCTTCTCCCAATGATTGTCA,DENV4
DENV4_28_LEFT_F,ACCCACTTATGAGAAGGACGTAGA,DENV4
DENV4_28_RIGHT_R,CCACAACCAATTGGCTGTCG,DENV4
DENV4_29_LEFT_F,CCTTTTGGGCAACAAAGAGTGT,DENV4
DENV4_29_RIGHT_R,CAAATTCCAGAAACCGCGCTC,DENV4
DENV4_30_LEFT_F,TGGGAAAACGTGAGAAAAAGTTAGG,DENV4
DENV4_30_RIGHT_R,CATCACTGCTCCTTTCGGTGTG,DENV4
DENV4_31_LEFT_F,AACTGATCACGGAACAGATGGC,DENV4
DENV4_31_RIGHT_R,CTCACCTTTCCCATGTCGTTCA,DENV4
DENV4_32_LEFT_F,CAACTCATCCGCCAAATGGAAG,DENV4
DENV4_32_RIGHT_R,TCTCTTAAGCTCCATCCAGCCC,DENV4
DENV4_33_LEFT_F,CCGCTCACTGGTTGTTCCAT,DENV4
DENV4_33_RIGHT_R,AGTCCAATCAGGGATCCACACC,DENV4
DENV4_34_LEFT_F,CAAAACTCCAGTTCATTCGTGGG,DENV4
DENV4_34_RIGHT_R,TCTCCTCTAACCGCTAGTCCAA,DENV4
DENV4_35_LEFT_F,TCAGGAACCTGATCGGGAAAGA,DENV4
DENV4_35_RIGHT_R,CTGGTCTTTCCCAGCGTCAATA,DENV4
D4_F,TTGTCCTAATGATGCTRGTCG,DENV4
DUL_F,TGGCTGGTGCACAGACAATGGTT,ALL
DU_R,GCTGTGTCACCCAGAGTGGCCAT,ALL
D1L_F,GGGGCTTCAACATCCCAAGAG,DENV1
D1_R,GCTTAGTTTCAAAGCTTTTTCAC,ALL
D2L_F,ATCCAGATGTCATCAGGAAAC,DENV2
D2_R,CCGGCTCTACTCCTATGATG,ALL
D3L_F,CAATGTGCTTGAATACCTTTGT,DENV3
D3_R,GGACAGGCTCCTCCTTCTTG,DENV3
D4L_F,GGACAACAGTGGTGAAAGTCA,DENV4
D4_R,GGTTACACTGTTGGTATTCTCA,DENV4
DencomR2_R,GCNCCTTCDGMNGACATCC,ALL
D2C_R,CGTGTTATTTTGATTTCCTTG,DENV2
DENV1_SP1_F,CCGGGGGCATTGTAGGTCA,DENV1
DENV1_SP2_F,TATCATGTGTGGCTCTCCYCCTC,DENV1
DENV1_SP3_F,CTTTGATYGCTCCATTCTTCTTGA,DENV1
DENV1_SP4_R,CACCAATGGATGACAACAGAAG,DENV1
DENV1_SP5_R,CACCTGGGCCACCAACATACAA,DENV1
DENV2_SP1_F,CCTTTCTCCTGCCTACCAACGAT,DENV2
DENV2_SP2_F,TGTTCAAGCATCCTTCCAATCTC,DENV2
DENV2_SP3_F,CGTTCCCCATCTTTTYAGTATCC,DENV2
DENV2_SP4_R,AGAACATCCAAACAGCAATAAATC,DENV2
DENV2_SP5_R,AAGGGAAGAGGAAGAGGCAGGTGT,DENV2
DENV3_SP1_F,GGTRATRTGGGGGCATTTGTAAG,DENV3
DENV3_SP2_F,GGGCTCTCCATCTCGTGAAG,DENV3
DENV3_SP3_F,GACTTCTTGAAGGTTCCCCATC,DENV3
DENV3_SP4_R,GAAGGAGGAGGARTCGGAGGG,DENV3
DENV3_SP5_R,GCCTGTGAGCCCCGTCTAAG,DENV3
DENV4_SP1_F,TTGTTGATCCCCTCTGTTGTYT,DENV4
DENV4_SP2_F,CCCTTTCATGTTTTGCCACTATCA,DENV4
DENV4_SP3_F,GTGGGATGGAAGRRACTCGCA,DENV4
DENV4_SP4_R,GCAAACCGTGCTGCCTGTA,DENV4
DENV4_SP5_R,GGACTTTCTTCYAGAGCCACCTG,DENV4
DENV1_1_F,TACGTGGACCGACAAGAACAGTTTCG,DENV1
DENV1_2_R,TGCACATATTGACACCTACAGAGGTC,DENV1
DENV1_3_F,AACATAATGAACAGGAGGAAAAGATCCGTGAC,DENV1
DENV1_4_R,TGAGTGATGGATGTTCCTATGGCATGTG,DENV1
DENV1_5_F,AGACTTGGGCTTTGCGACACCCAG,DENV1
DENV1_6_R,TCTTGTTCTTCCACCAGTGTAGCTTCTC,DENV1
DENV1_7_F,ATTGAACTCTTGAAAACGGAGGTCACGAAC,DENV1
DENV1_8_R,CTTTGTCAGTAACTATAGGATTGGCTG,DENV1
DENV1_9_F,GTGGCTGAGACCCAGCATGGAAC,DENV1
DENV1_10_R,GCATCTCCTACAACCACTGTGAATTTCATGTC,DENV1
DENV1_11_F,TTCTGCTGACATGGTTGGGATTAAATTCAAGG,DENV1
DENV1_12_R,GTACCTTCACACACATCAAAATCCAATTCC,DENV1
DENV1_13_F,GCTGAAATTGCGTGACTCCTACACCC,DENV1
DENV1_14_R,CTGAGACATTGGCTCCAACCATGATGC,DENV1
DENV1_15_F,GAGAATCTAGTCAGGTCAATGGTCTCTGC,DENV1
DENV1_16_R,TGGACCTCCACTAGTATGTTGTGTGAGG,DENV1
DENV1_17_F,CCTTTGGATGCAAACCACTAACCATGTTTC,DENV1
DENV1_18_R,CCCTTCTTGTGATGCTTTGGCTTG,DENV1
DENV1_19_F,AGGCGAAGTTGGAGCCATAGCTCTAG,DENV1
DENV1_20_R,CGCTCTGGACCATCCTTTAGTATTACC,DENV1
DENV1_21_F,GGCTACGACTGGATCACTGATTTTCC,DENV1
DENV1_22_R,GTTTTCCTATTTCCAATATTAGGTCACCTG,DENV1
DENV1_23_F,GGAAAGGAACAACCAGGTGTTGGAGGAG,DENV1
DENV1_24_R,TAACATCAACACCGCCGCTGTCAGTGTC,DENV1
DENV1_25_F,GAAAACCACCACCATGCTACAATGC,DENV1
DENV1_26_R,TAGGTGTTAAATTCTGACTTGCTCAGTTGG,DENV1
DENV1_27_F,GTTACTGATACTTTGTACATCACAGATTCTC,DENV1
DENV1_28_R,TCCACTGCCACATGTCTTGTTCC,DENV1
DENV1_29_F,GGTTTCATGTGGAACAGGAAACATTGTGTC,DENV1
DENV1_30_R,CTCCCTCTCTCTGTGCACGAGATC,DENV1
DENV1_31_F,ACACCAAGAGCAAAACGAGGCACAGC,DENV1
DENV1_32_R,GATTGGGAGTTTCCAATTCGCTAGGTAAAAAG,DENV1
DENV1_33_F,GATACATACTCAGAGACATATCAAAGATTCCG,DENV1
DENV1_34_R,GGCATGGCACCACTATTTCCCTC,DENV1
DENV1_35_F,CGAATTGGAAACTCCCAATCTAGCTAAGAG,DENV1
DENV1_36_R,CTATTTTCCTTTATTTCATGAGTGTGTTGGC,DENV1
DENV1_37_F,GAGAAGGCTCATCGGGAATGAGAATTATCTAG,DENV1
DENV1_38_R,TGATTCAACGGCACCATTCCATTTTCTGGC,DENV1
DENV2_1_F,AGTTGTTAGTCTACGTGGACCGACAAAG,DENV2
DENV2_2_R,CCTTCCAATCTCTTTCCTAAAGCCTCTC,DENV2
DENV2_3_F,GTTTCCTAACAATCCCACCAACAGC,DENV2
DENV2_4_R,CCATGTTCTAAGACTATGTCAACCCAGC,DENV2
DENV2_5_F,CCATAGGAACAACATATTTCCAAAGAGTCCTG,DENV2
DENV2_6_R,GATCCTAAAACAACAACATCCTGTTTCTTCG,DENV2
DENV2_7_F,TCAGGGGAAGAGAATGCAGTTGGAAATG,DENV2
DENV2_8_R,TCGAACATTTGGCCGATTGAGCTTC,DENV2
DENV2_9_F,CAACATGGAACAATAGTTATCAGAGTACAATATG,DENV2
DENV2_10_R,CCTGCCTGCATGATTCCTTTGATGTC,DENV2
DENV2_11_F,ACCGGGACAACTGAAGCTCAGC,DENV2
DENV2_12_R,CATCCTGCCTTTCTTTCAACTTCAGC,DENV2
DENV2_13_F,CAACACAAACAGAGCTTGGAACTCACTAG,DENV2
DENV2_14_R,CTTTCCATGCATTTTGTAGTATCACTGCATTTGG,DENV2
DENV2_15_F,GACCTCCAAGGAATTGATGATGACC,DENV2
DENV2_16_R,GCCCATGATGGTTCAATCCTCTTCC,DENV2
DENV2_17_F,CAAGCAGAAAGGGATTCTTGGATACTC,DENV2
DENV2_18_R,ACCCATTCATGTCCAGAATTCCACG,DENV2
DENV2_19_F,AGAACATTAATCCTGGCCCCTACTAGAG,DENV2
DENV2_20_R,TTCACGCTCTGGTTCAAACATGCTGGG,DENV2
DENV2_21_F,AGCAATGCACCAATCATGGATGAGGAAAG,DENV2
DENV2_22_R,AAGCGTCAGCAAAAGCAATGTCTCCAG,DENV2
DENV2_23_F,GAAAATCCCTGACCCTGAATCTAATCAC,DENV2
DENV2_24_R,TTCTTCATGATGGAAAAGAGAAGTCCAGC,DENV2
DENV2_25_F,CACAGCAGCCCTTCTTTTATTGGTAGCAC,DENV2
DENV2_26_R,CAAGTTTAGGACTCTGAGTGTTCGTCCTGC,DENV2
DENV2_27_F,TGGACTTCTCTTTTCCATCATGAAGAACAC,DENV2
DENV2_28_R,GATGCTGATCCAGTCTGTTTTGTTTCG,DENV2
DENV2_29_F,CACCAAACCTAGACATAATTGGAAAAAGAATAG,DENV2
DENV2_30_R,GTCACCATTTCTTCATTTTTTAAGTCCTCTAG,DENV2
DENV2_31_F,GGCACGAAGAAACTAATGAAAATCACGG,DENV2
DENV2_32_R,TGAAGGTTCCCATTGTTGTATGTCTTTCC,DENV2
DENV2_33_F,GGCGTGAGAGGTTATCAAGAATGGC,DENV2
DENV2_34_R,TTAATTCTGCCTTCTACCACAAGACCC,DENV2
DENV2_35_F,ATCCAAACAGCAATAAACCAAGTCAGATCC,DENV2
DENV2_36_R,ATGATGCTGAGGAGACAGCAGG,DENV2
DENV3_1_F,AGTTGTTAGTCTACGTGGACCGACAAG,DENV3
DENV3_2_R,CTCGTGAAGTCAAGTGGAAAGCAAGTG,DENV3
DENV3_3_F,GCCAGATGGGGAACCTTCAAGAAGTC,DENV3
DENV3_4_R,CTTCCTTAGGGTCGCCAGTTGGGTG,DENV3
DENV3_5_F,AAGTCGAGAAGGTAGAGACATGGGC,DENV3
DENV3_6_R,CCCAAGGGTTCCATATTCAGGCAAG,DENV3
DENV3_7_F,GAACCGATAGAGGGAAAAGTGGTGC,DENV3
DENV3_8_R,TCCTATCGCAATGCATGAAAATGACATGG,DENV3
DENV3_9_F,CAAATATTCGGAAGTGCTTACACAGCCC,DENV3
DENV3_10_R,CTGTGATGACAACTGTTGTTCCTTCACAATAG,DENV3
DENV3_11_F,CGGTGTGCTAGAGAGTGACATGATC,DENV3
DENV3_12_R,ATGCTCGAAGACTGGCACACTGG,DENV3
DENV3_13_F,GTTACAACTGCCAGAGGACATTGAACAAATG,DENV3
DENV3_14_R,CCCTTCTTCCAGTTCTGCTTTCTGTG,DENV3
DENV3_15_F,GAAGAGGCTGAGCAAACAGGAGTGTC,DENV3
DENV3_16_R,TCTCTCTTCCTGTGTGTTCAGATTTTGTTGC,DENV3
DENV3_17_F,GCCATTGTTAGAGAGGCAATCAAGAGACG,DENV3
DENV3_18_R,CCTATCTGTATATTTGATCCCTTCTGATGCTAC,DENV3
DENV3_19_F,GATAGAGTGATCGACCCAAGAAGATGTC,DENV3
DENV3_20_R,GACTATAGCCGACGCGATCCATTG,DENV3
DENV3_21_F,ACACGTCAGAACATGGCGGTAG,DENV3
DENV3_22_R,GAATCGTATATTACAGGATCTAGGTCTATCG,DENV3
DENV3_23_F,AACCAGGCAGTGGTCCTGATGG,DENV3
DENV3_24_R,CTATGACTCTTCCTTCGGGAATGACCATG,DENV3
DENV3_25_F,CAATTATCCCGGAAAGAGTTTGACCTTTACAAG,DENV3
DENV3_26_R,CTGTGATCTCCATAACCTTTCTTGTCCCTGGC,DENV3
DENV3_27_F,GTCTCTTCAGTCAACATGGTATCCAGATTG,DENV3
DENV3_28_R,CTGTGTTCAGGGTCCATTTGCTGTG,DENV3
DENV3_29_F,GAAACTTGTGGACAGAGAACGTGAACTC,DENV3
DENV3_30_R,CTTTGATGGCTGCCATTGAGGTATGTC,DENV3
DENV3_31_F,CAGACCTCGAGAACCCTCATCTG,DENV3
DENV3_32_R,CACAGCTTCTTCCGTACTGTGGC,DENV3
DENV3_33_F,GGAGTCGGAGGGAGCCATTTGGTAAAC,DENV3
DENV3_34_R,CCATTTTCTGGCGTTCTGTGCCTGGAATG,DENV3
DENV4_1_F,TTAGTCTGTGTGGACCGACAAGGACAG,DENV4
DENV4_2_R,AATCCTGGGTTTCTGAGTATCCAACTCTC,DENV4
DENV4_3_F,AGTGGGGAACGGAGACGAGAGAAG,DENV4
DENV4_4_R,GGGTTATCGTAGCTGTCACTCCGTG,DENV4
DENV4_5_F,GAAGTGGCTCTGTTAAGAACCTATTGCATCGAAGC,DENV4
DENV4_6_R,CATCTCTTATCTCTATGGGAACTTTGCATGG,DENV4
DENV4_7_F,AATGGTGACGTTTAAGGTCCCTCATGC,DENV4
DENV4_8_R,AGAAACAAAGTAATCCCTCCAACAGCTATGC,DENV4
DENV4_9_F,GATTTTGGCTCTGTTGGTGGACTGCTC,DENV4
DENV4_10_R,ATGTGTGGGTCTTGGGCCATAGACATG,DENV4
DENV4_11_F,GTGAAAGGGGTGTTATCCAAAGGCAAGAG,DENV4
DENV4_12_R,GCACAAAGGGTGGTCACCACAACCAATATC,DENV4
DENV4_13_F,GAACAACAGTCACCATTCAAGAGGATTGTGACC,DENV4
DENV4_14_R,CATTCTTTAGAAGGGCGCTTCCCAAG,DENV4
DENV4_15_F,GCCCTTTCCTTGACTTTCATAAAATCAACAATGC,DENV4
DENV4_16_R,GCTAGAACTTGAACGTCTTCTTCTTTATCCC,DENV4
DENV4_17_F,TGGCAATTCCAGTCACAATGACCCTATGG,DENV4
DENV4_18_R,GAACTCTGGTTGATGATAAAAGTCTTGTTGTG,DENV4
DENV4_19_F,GAATTGGCGAACCAGATTATGAAGTGGATG,DENV4
DENV4_20_R,TTGCTGGAGTCACTGGAATAGGACC,DENV4
DENV4_21_F,CAGAGCAATAGCCCAATAGAAGATATCGAGAG,DENV4
DENV4_22_R,GAAGATGCCTGCTGTCATAGCTCCTAG,DENV4
DENV4_23_F,AATTGCCAGTTTGCCAACGTACCTTTCCTC,DENV4
DENV4_24_R,ATGTTAGCTGTGGACACGGCTATAGTCG,DENV4
DENV4_25_F,CTTGGTGTGCCGCTATTAGCAATGGGATGC,DENV4
DENV4_26_R,CATAGGAATCGGTTCTTCATGTCCTGGACC,DENV4
DENV4_27_F,GGATCTAAAATCAAGTATGCAGTGTCCAGAG,DENV4
DENV4_28_R,ACAGTCTGGGATTTTTCTTCTTCCCGAGGAG,DENV4
DENV4_29_F,TCCTTCGACAGGCTCGGCATCCTC,DENV4
DENV4_30_R,AGGGGCCATCTGTTCTGTGATCAGCTCTTC,DENV4
DENV4_31_F,GATACATCCTGGAGGACATAGATAAGAAAGATG,DENV4
DENV4_32_R,AGGCTAAGCGCAGGTCCCTTCTATG,DENV4
DENV4_33_F,GAAAGAGTTGAGAAATGGCTGAAAGAGTGTG,DENV4
DENV4_34_R,GCCTCCCTGGGATTTTTACGCCTCCCG,DENV4
DENV4_35_F,GAAGGAGTTCTGTAATTACCAACAACAAACACC,DENV4
DENV4_36_R,CACGAGGAAGCTGTACTCCTGGTG,DENV4
ArPpfdodvs12a3atqicals_1_F,ATTAGAGAGCAGATCTCTG,ALL
ArPpfdodvs12a3atqicals_2_R,TGACACGCGGTTTC,ALL
Den2-911_F,TGACRGCTGTCGCTCCTTCA,DENV2
Den2-2444_R,CARCTCACAAYGCAACCACTATC,DENV2
Den3-815_F,GCCCTTAGGCACCCAGGGTT,DENV3
Den3-1752_R,CCCGCGAAAATGCTTGTGC,DENV3
Den3-1398_F,CGCAAGGAGTCACGGCTGAG,DENV3
Den3-2539_R,GCCTGCAATGGCTGTTGCC,DENV3
DENV1_RN_F1_F,ACACCATCCATGGCCATGCG,DENV1
DENV1_RN_R1_R,CCGCCTGAACCATGACTCC,DENV1
DENV1_RN_F2_F,GCGCAAACTGTGCATTGAAGC,DENV1
DENV1_RN_R2_R,ACCAGCAAATCTTGCTCTGTTCCA,DENV1
DENV2_RN_F1_F,CGCTCCTTCAATGACAATGCG,DENV2
DENV2_RN_R1_R,AACTCACACGCAACCACTATC,DENV2
DENV2_RN_F2_F,CAGAGGATGGGGAAATGGATG,DENV2
DENV2_RN_R2_R,CTCATTGTTGTCTCGAACATTTG,DENV2
DENV3_RN_F1_F,TGGACATAGAGCTCCAGAAGAC,DENV3
DENV3_RN_R1_R,GTGTGATGATTCTATCACCAATGCA,DENV3
DENV3_RN_F2_F,CTGAGGAGCAGGACCAGAAC,DENV3
DENV3_RN_R2_R,AAGATGGCCATGCGCCTTGC,DENV3
DENV4_RN_F1_F,TGGTCGCCCCATCTTACGG,DENV4
DENV4_RN_R1_R,TGACACCACACAACCCATGTC,DENV4
DENV4_RN_F2_F,CAAGATGTCCAACGCAAGGAGA,DENV4
DENV4_RN_R2_R,TCACATCCTGTCTCTTGGCATG,DENV4
DENV-3′-UTR_F,GGTTAGAGGAGACCCCTCCC,DENV3
DENV-3′-UTR_R,GGCGYCTGTGCCTGGA,DENV3
DENV1-NS5_R,CTGAGTGAATTCTCTCTRCTGAACC,DENV1
DENV2-E_F,CAGGTTATGGCACYGTCACRAT,DENV2
DENV3-M_F,GGACTGGACACACGCACYCA,DENV3
DENV4-M/E_F,TTGTYCTAATGATGCTNGTCG,DENV4
DENV4-M/E_R,TCCACCTGAGACTCCTTCYA,DENV4
Smnfgsodv_1_F,AGTTGTTAGTCTRYGTGGAC,"DENV1, DENV2, DENV3"
Smnfgsodv_2_F,GTTTCGAATCGGAAGCTTGC,DENV1
Smnfgsodv_3_F,CTGAAACGCGAGAGAAACCG,"DENV2, DENV4"
Smnfgsodv_4_F,AGAGAAACCGCGTGTCRACT,DENV2
Smnfgsodv_5_F,TGGATCACAGTTGGCGAAGA,DENV3
Smnfgsodv_7_R,GGGTCTCCTCTAACCGCTAG,DENV4
D-F3_F,AGCTTCATCGTGGGGATGT,ALL
D-R3_R,CTCTCCCAGCGTCAATATGC,ALL
D-L_F,TGCTACCCCATGCGTACAG,ALL
D-L_R,CAACACCAGGGGAAGCTGT,ALL
664_F,ACRTGGATGTCATCRGARGG,DENV4
865_F,GAYTTTGTRGAAGGRGTCTC,DENV4
REV382-400_R,GGACATCTTGTTGCCGTAG,DENV4
1162_F,GGRAARGGAGGWGTTGTRAC,DENV4
REV644-665_R,CATGGCTGTAATCCTCATGATTG,DENV4
1450_F,ACRTGGCTYGTGCAYAARCAATG,DENV4
REV926-947_R,TTCCTGAGATCCCAGCACTGTC,DENV4
1721_F,AGGGAATGTCATAYACGATG,DENV4
REV1209-1226_R,ACGCCCAACCACATTTTTC,DENV4
1997_F,TRACACTCCATTGGTTTYAGR,DENV4
D4a2_F,AACYTGGTGYACAGCCTTTCCC,DENV4
FORW1555-1576_F,GGTTCTTAGTGTTGTGGATTGG,DENV4
2402_R,TKTACTGYTCYRTCCARG,DENV4
Antisense_Primer_R,TGTGGTACCTATTCCACTGCCACATTTTAGTTC,DENV2
Sense_Primer_F,ACTGGTACCTGGATGTCATCAGAAGGGGCCTGG,DENV2
GRP78_F,ACTATGAAGCCCGTCCAGAA,ALL
GRP78_R,GACAGCAGCACCATACGCTA,ALL
CLTC_F,CCACAATACTCCACCAATGACCTTA,ALL
CLTC_R,CCCATTTTAAGTGGCTCCACCTCTC,ALL
DNM2_F,GGCATTCGAGGCCATTGT,ALL
DNM2_R,CATTTCAGACAGGGCTCTTTCA,ALL
GAPDH_F,CATCACCATCTTCCAGGAGCG,ALL
GAPDH_R,TGATGGCATGGACTGTGGTC,ALL
RPL27_F,CATGGGCAAGAAGAAGATCG,ALL
RPL27_R,ACGACAGTTTTGTCCAAGGG,ALL
RPS29_F,GCACTGCTGAGAGCAAGATG,ALL
RPS29_R,ATAGGCAGTGCCAAGGAAGA,ALL
RAA-F1_F,GGAAGCTGTACGCATGGGGTAGCAGACTAGTG,ALL
RAA-R1_R,AGCAGGATCTCTGGTCTCTCCCAGCGTCAATA,ALL
RAA-F2_F,TAGCAGACTAGTGGTTAGAGGAGACCCCTCCC,ALL
RAA-R2_R,GATCTCTGGTCTCTCCCAGCGTCAATATGCTGTT,ALL
RAA-F3_F,GGCCGGATTAAGCCATAGTACGGTAAGAGC,ALL
RAA-R3_R,AGAACCTGTTGATTCAACAGCACCATTCCATT,ALL
DodvRipaposdibutTaas_1_F,ATCCATGCCCATCACCAATG,DENV1
DodvRipaposdibutTaas_2_R,CAGGGATCCACACCACTGATC,DENV1
DodvRipaposdibutTaas_4_R,GCCGCACCATTGGTCTTCTC,DENV2
DodvRipaposdibutTaas_5_F,TGGCAACAGGTCCCTTTCTG,DENV3
DodvRipaposdibutTaas_6_R,TGGCGTTGGATGCTAGTCTAAGA,DENV3
DodvRipaposdibutTaas_7_F,GCGTGGTGAAGCCCTAGAT,DENV4
DodvRipaposdibutTaas_8_R,GAACAACTAGTGAGCGGCCATC,DENV4
DENV_F,GCATATTGACCGCTGGGARAGAC,ALL
DENV_R1-3_R,TTCTGTGCCTGGAATGATGCTG,ALL
DENV_R4_R,YTCTGTGCCTGGATWGATGTTG,ALL
DN_F,CAATATGCTGAAACGCGAGAGAAA,ALL
DN_R,CCCCATCTATTCAGAATCCCTGCT,ALL
D1_R,CGCTCCATACATCTTGAATGAG,ALL
D2_R,AAGACATTGATGGCTTTTGA,ALL
D3_R,AAGACGTAAATAGCCCCCGAC,DENV3
D4_R,AGGACTCGCAAAAACGTGATGAAT,DENV4
NS1-1_F,TTCATATGGACTCGGGATGTGTAATCAACTG,DENV1
NS1-1_R,TTGGATCCCTAGTTGAAAATTCCAAATC,DENV1
NS1-2_F,CGCATATGATATGGTTGAAATTGCGTGACTCC,DENV1
NS1-2_R,TCGGATCCCTATGCAGAGACCATTGACTTAAC,DENV1
Den1_F15_F,GTGGACCGACAAGAACAGTTTC,DENV1
Den1_R2520_R,AATTTRTATTGYTCTGTCCARGTRTG,DENV1
Den1_F2305_F,AGGAWTAGGGRTYCTGCTGAC,DENV1
Den1_R5391_R,TCRGTRAARTGTGCTTCATCCAT,DENV1
Den1_F5132_F,CTTCCAGCCATAGTYCGWGAGGC,DENV1
Den1_R7740_R,GACACTGCRTGTTTGRTTRTYTCTC,DENV1
Den1_F7444_F,GGAGGGATCTCCAGGAAAATT,DENV1
Den2_F1_F,AGTWGTTAGTCTACGTGSACCGAC,DENV2
Den2_R2876_R,GARTTCCAAGCTCTRTTTGTGTTG,DENV2
Den2_F2707_F,ATYATGCAGGCAGGAAAACGATC,DENV2
Den2_R5428_R,GAGTTGARATRTATCCTCTAGCTGCTAT,DENV2
Den2_F5228_F,GAGGACTTCCRATAAGATACCAAACC,DENV2
Den2_R8023_R,GTGAYGAYTCCCCTATGTCACAC,DENV2
Den2_F7875_F,CCTAACAAAAGGAGGACCAGGAC,DENV2
Den3_F1_F,AGTTGTTAGTCTACGTGGACCGAC,DENV3
Den3_R2877_R,ACCTCCCACACATTCCATGCTC,DENV3
Den3_F2709_F,AAGGGAAAAGARCAYTAACACCAC,DENV3
Den3_R5517_R,TCTTGAATTGGAGCGTTGCTCTG,DENV3
Den3_F5396_F,ATAGCGGCTAGAGGGTACATATC,DENV3
Den3_R8037_R,TCTTCCACTGTTGGGCTTGGTG,DENV3
Den3_F7857_F,CAGAAGTGCGAGGRTACACAAAAG,DENV3
Den4_R2870_R,GCTCTTCGTTCATTGGGGCATTC,DENV4
Den4_F2498_F,TGCAYACTTGGACAGAACAGTAC,DENV4
Den4_R5525_R,TCTTCTATTGGGCTGTTGCTCTG,DENV4
Den4_F5299_F,CTCATGTGYCATGCAACCTTCAC,DENV4
Den4_R8508_R,GCCTGTCGARGGAGCTTCATAG,DENV4
Den4_F7950_F,GGTTGAYGTGTTCTACAAACCCAC,DENV4
Den4_R10653_R,AGAACCTGTTGGATCAACAACACC,DENV4
NS3-1-O_F,CAGGACTTTTCCCCGTATCA,DENV2
NS3-1-I_F,AACAACGGGCTGGAGTATTG,DENV2
NS3-1-SEQ_F,CCAGGTCTTGGCATTAGAGC,DENV2
NS3-2-O_F,TCACAGACCCAGCAAGCATA,DENV2
NS3-2-I_F,AGCAGAGACCCATTTCCTCA,DENV2
NS3-2-SEQ-I_F,GGCAGAAATGGGTGCTAACT,DENV2
NS3-1-O_R,GGAACTCTGGACATGAGTGGGT,DENV2
NS3-1-I_R,TTGAGGAAATGGGTCTCTGC,DENV2
NS3-2-O_R,AGCATGATTGTACGCCCTTC,DENV2
NS3-2-I_R,TGGAAGCCTACCCATTTCTG,DENV2
NS3F-1_F,GCAAGCTTGCCATGGCCGCTGGAGTATTGTCGGC,DENV2
NS3F-2_F,GCGGATCCGCCATGGCCGCTGTATTGTCGGC,DENV2
NS3_R,GCGCGGCCGCTTTCTTCCACTGCAAACTCTTTGTTC,DENV2
DENV1F6.2_F,ACTCAGCAAAAGARGCAGTGG,DENV1
DENV2F10_F,TTYRCAAGAAARGTGAGAAG,DENV2
DENV3F6.1_F,GAACCAGAAACACCCAAYATGGA,DENV3
DENV4F3_F,CACCARGAAGGRAAATGTGAATC,DENV4
DV1.U_F,ACACCAGGGGAAGACTGTATCCTGG,DENV1
DV2.U_F,AAGGTGAGATGAAGCTGTAGTCTC,DENV2
DV3.U_F,AGCACTGAGGGAAGCTGTACCTCC,DENV3
DV4.U_F,AAGCCAGGAGGAAGCTGTACTCCT,DENV4
DV.L2_R,CCATCCATCTTGCGGCGCTCT,DENV4
DENV2qPCR_F,CACACATGAGATGTACTGGGTATC,DENV2
DENV2qPCR_R,GGCTCGTAAGTGGCTTTCTT,DENV2
DENV1_F,CAATGGATGACAACAGAAGAYATG,DENV1
DENV1_R,TCCATCCATGGGTTTTCCTCTAT,DENV1
DENV2_F,GCAGAAACACAACATGGAACRATAGT,DENV2
DENV2_R,TGATGTAGCTGTCTCCRAATGG,DENV2
DENV3_F,ATGGAATGTGTGGGAGGTGG,DENV3
DENV3_R,GGCTTTCTATCCARTAGCCCATG,DENV3
DENV4_F,GCAGATCTCTGGAAAAATGAACCA,DENV4
DENV4_R,GAGAATCTCTTCACCAACCCYTG,DENV4
DEN-Bgl.5NC_N,TAGAGAGCAGATCTCTG,"DENV1, DENV2"
cD1-2394.Ngo_N,TGTGACCATGCCGGCTGCGATGCACATCACCGA,DENV1
C14A_F,AATATGCTGAAACGCGAGAGAAACCGCG,ALL
C69B_R,CCCATCTCITCAIIATCCCTGCTGTTGG,ALL
D1B_N,AACGACAGUGUAUUCGAGG,DENV2
D2B_N,AAUAUGAUUCAATTCTGATG,DENV2
D3B_N,AAAAAUGGCUUUUUUATTGAG,DENV2
D4B_N,ATUACACAUUAAUTCCAC,DENV2
D5B_N,AAUUCAAUUGGUUATCCTU,DENV2
D6B_N,AAAAUUGUGUUUUAUUGTTC,DENV2
D7B_N,AAUUAGUUUUUCTTCCATG,DENV2
D8B_N,CTGCAGAGAACCTUTTGATTC,DENV2
N1A_N,CTCTCTAUAAUTTUTTAGTCTACGTGGACCGACAAAGAC,DENV2
E1A_N,CAGATCTCTGATGAATAACC,DENV2
E1_N,TCTCTTTCCTGAACCCTCTC,DENV2
AD3_N,CTGATTTCCATCCCGTA,DENV2
AD4_N,UATATGGGTTATTGGATAGA,DENV2
CsotdvRRpcda1r_1_F,CCACGCGTCGACAACATGGATGTCATTGGGGAAAG,DENV3
CsotdvRRpcda1r_2_R,CCGGAATTCCTACCAAATGGCTCCCTCCGACTCCTC,DENV3
Den_F2_F,GGGAGGCCATAAACCATGGAAGCTGTACGC,ALL
Den_F3_F,GCCACGGTTTGAAGTAAACTGTGCTGCCTGTAGCTC,ALL
Den_R1b_R,CTTATCTCTCCTCTAACCTCTAGTCCTT,ALL
Den_R2_R,GGTCTTTCCCAGCGTCAATATGCTGT,ALL
Den_F,TTAGAGGAGACCCCTCCC,ALL
Den_R,TCTCCTCTAACCTCTAGTCC,ALL
Pan_R,GAGACAGCAGGATCTCTGGTCTYTC,ALL
Gsaodv1iiKWF_1_F,CCGAAACATGGATGTCCTCT,DENV1
Gsaodv1iiKWF_2_R,TCTCCCATTCTGGGTCACTC,DENV1
DvNspCsaiiiotaswsbmmasaome_1_F,GGGGTACCGCTGGAGTATTGTGGGAT,DENV2
DvNspCsaiiiotaswsbmmasaome_2_R,CCCAAGCTTCTTTCGAAAAATGTCATC,DENV2
Fragment_A_R,CCAGTATTATTGAAGCTGCTATCCA,ALL
Fragment_B_F,GGATGGTGAGCATTTTAGCCAGTTC,ALL
P1_F,AGTTGTTAGTCTACGTGGAC,ALL
P1_R,CTGCAGCATTTCCAAGTGAGA,ALL
P2_F,CATGTCTTAGGTCGCCTGAT,ALL
P2_R,TCTCAAACATTTGGCCGATA,ALL
P3_F,TTGAAGACAACCCAGAGATCG,ALL
P3_R,CTGACTATGGCCGGAAGGTA,ALL
P4_F,AGTGGAAGCAGGACGAACAC,ALL
P4_R,GGCTCCTCCATATTTTCCTTTG,ALL
P5_F,TGGATGACAACGGAAGACA,ALL
P5_R,TGGATGGCATGTAATCTGTGTA,ALL
P6_F,GCTCTAGTCTCGCTGGAAGG,ALL
DEN1_CC_A_F,ACGTGGACCGACAAGAACAGTTTCG,DENV1
DEN1_CC_1_R,CTTCCTGTTTCTTTGCATGAGCTGTC,DENV1
DEN1_CC_1_F,GAGCATGGAAGCTGCGTCACCAC,DENV1
DEN1_CC_B_R,CTTYCCAATGGCTGCTGACAGTCTT,DENV1
DENV1-LAB-5F-CC_F,CGCATGGGACTTCGGYTCTATAGG,DENV1
DEN1_CC_2_R,TGTTCCAGTCATCAGCATCTTTCTAC,DENV1
DEN1_CC_2_F,ATTGCGTGACTCCYACACCCAAATG,DENV1
DEN1_CC_D_R,CCTGGTGACGTGCCACATTGTGTG,DENV1
DENV1-LAB-8F-CC_F,CAAAGAGGACTGTTGGGCAGGTCC,DENV1
DEN1_CC_3_R,ATCTCCACGTCCATGTTCTCCTCC,DENV1
DEN1_CC_3_F,TCATGGAACTCAGGCTACGACTGG,DENV1
DENV1-LAB-10R-CC_R,CTGCATAGAGRGTCCAGGCTGAAG,DENV1
DENV1-LAB-12F-CC_F,CACAAAGAAAGACCTGGGGATTGGC,DENV1
DEN1_CC_4_R,GTTCCACTGCCACATGTCTTGTTCC,DENV1
DEN1_CC_4_F,GAGAAACAACCAAACATGCAGTGTCG,DENV1
DENV1-LAB-14R-CC_R,TTGTGCAGTCCTTCTCCTTCCACTC,DENV1
DENV1-LAB-14F-CC_F,TACGTGTTCTAAARATGGTGGAACCAT,DENV1
DEN1_CC_5_R,AGCCATAAGTTCCGACCTGTCCAC,DENV1
DEN1_CC_5_F,ACTGACATCATGGAGCCTGAACATG,DENV1
DEN1_CC_J_R,CGTTCTGTGCCTGGAATGATGCTG,DENV1
DEN2_CC_1_R,AGCACCATCTCATTGAAGTCGAGG,DENV2
DEN2_CC_1_F,CAAACACTCCATGGTAGACAGAGG,DENV2
d2a18-CC_N,TCCCRCTGCCACATTTCARTTCTTT,DENV2
d2s4-CC_N,ACGCSAAGAAACAGGATGTYGTTGT,DENV2
DEN2_CC_2_R,TCCTGCTGTTTGTGTATGGTAGCC,DENV2
DEN2_CC_2_F,CACATGGAAGATGGAGAAAGCCTC,DENV2
d2a14-CC_N,GCCGTRATTGGTATYGATACWGGAA,DENV2
d2s8-CC_N,ATGGGMGTGACTTAYCTTGCCCTA,DENV2
DEN2_CC_3_R,CTTCTCTAACTATGGCTGGAAGG,DENV2
DEN2_CC_3_F,TGGTGTTGTCACAAGGAGTGGAG,DENV2
d2a10-CC_N,TACGCCYTTCCRCCTGCYTCAG,DENV2
d2s13-CC_N,GCAGACAGAARGTGGTGTTTTGATG,DENV2
DEN2_CC_4_R,CATTAATACTTGAGTCACGCAGAGG,DENV2
DEN2_CC_4_F,TTCAAGCAAAAGCAACCAGAGAAGC,DENV2
d2a6-CC_N,CATGGTAWGCCCAYGTTTTGTATGG,DENV2
d2s16-CC_N,CAGGAAGTGGATAGAACCYTRGCA,DENV2
DEN2_CC_5_R,CATTACTGTGCCTCTTGGTGTTGG,DENV2
DEN2_CC_5_F,CTGGTTGACAGGGAAAGAAATCTCC,DENV2
d2a5B-CC_N,AGAACCTGTTGATTCAACAGCACCAT,DENV2
DEN3_CC_1_R,CATGCTTTGTTCTTCATTGTTAGC,DENV3
DEN3_CC_1_F,CAACATAACAACTGACTCAAGATG,DENV3
DEN3_CC_B_R,CAAGTCAAGAGAACTCCTATTCC,DENV3
d3s5-CC_N,CTGAACCTCCTTTTGGGGAAAG,DENV3
DEN3_CC_2_R,CTCCATGTTATTTGCCCTGAGA,DENV3
DEN3_CC_2_F,AGGTGGAAGATTACGGGTTCG,DENV3
d3a14-CC_N,AACTGTGATCATTAARTTGTGGGA,DENV3
DEN3_CC_E_F,TTCTCTCCTTAGAAATGATGTACC,DENV3
DEN3_CC_3_R,TCAATGCTTCTTCCATCTCAGC,DENV3
DEN3_CC_3_F,GAGTGGTTACAAAGAATGGTGG,DENV3
d3a10*_N,GCYGCAAARTCCTTGAATTCCT,DENV3
d3s13-CC_N,CCAGCTCTCTTTGARCCAGAAA,DENV3
DEN3_CC_4_R,AGCATAACCTGTCCCAGTTGC,DENV3
DEN3_CC_4_F,AGATGTGGACTTGCACCCAGC,DENV3
d3a6-CC2_N,CGCATTAACATGTCGAGTTCC,DENV3
DEN3_CC_I_F,TCCACTTTCACGAAACTCCACG,DENV3
DEN3_CC_5_R,TTCAGACCATAAGTTCCTACCTG,DENV3
DEN3_CC_5_F,GAAGATGACCTGCACAATGAGG,DENV3
d4s1Csingle_bondCC_F,AGTTGTTAGTCTGTGTGGACCGACAA,DENV4
DEN4_CC_1_R,GTGACCTGGGAGTTATCGTGGCTG,DENV4
DEN4_CC_1_F,GACACCCATGCAGTAGGAAATGACAC,DENV4
DEN4_CC_B_R,ACTCAAACATCTTGCCAATGGAACTC,DENV4
d4s5-CC_N,CTCCGTGTAAAGTCCCCATAGAGATAA,DENV4
DEN4_CC_2_R,CATGATGAGGGCTCGTAGCAAGTCC,DENV4
DEN4_CC_2_F,AGAAGATGGGTGCTGGTATGGGATG,DENV4
DEN4_CC_D_R,ACTCCATTTCCATAGAGTCCGATGAC,DENV4
DEN4_CC_E_F,GACTGGGAGATTGGAGCCATCTTG,DENV4
DEN4_CC_3_R,TCTTTGTAAGAAATGCCAGCAGAAGC,DENV4
DEN4_CC_3_F,CTCAAGCCAGTTATCCTAACAGATGG,DENV4
d4a8-CC_N,CATGACYTGCCCTAATTGCTTTTCAAA,DENV4
d4s16-CC_N,GAAAAGRACAGCTGCTGGRATCATGA,DENV4
DEN4_CC_4_R,TCTGTCATGGCTAACTGAGTCACCA,DENV4
DEN4_CC_4_F,TTCACAACAAGGCATAGGAAACCCAC,DENV4
d4a3-CC_N,TGTGRAARTGGTGGGAGCAAAAAGGA,DENV4
d4s21-CC_N,GAAAGAYATYCCGCAGTGGGAACCA,DENV4
d4a5B-CC_N,AGAACCTGTTGGATCAACAACACCAAT,DENV4
D1_R,CCCCGTAACACTTTGATCGCTCCATT,ALL
D3_R,GCACATGTTGATTCCAGAGGCTGTC,DENV3
D4_R,GTTTCCAATCCCATTCCTGAATGTGGTGT,DENV4
d1a5B_R,TTTGTCGGTCTGGGGGGGTATAGAACCTGTTGATTCAACRGC,DENV1
d2a5B_R,TTTGTCGGTCTGGGGGGGTATAGAACCTGTTGATTCAACAG,DENV2
d3a5B_R,TTTGTCGGTCTGGGGGGGTATAGAACCTGTTGATTCAACAGC,DENV3
d4a5B_R,TTTGTCGGTCTGGGGGGGTATAGAACCTGTTGGATCAACAAC,DENV4
D1S_F,GGACTGCGTATGGAGTTTTG,DENV1
D1C_R,ATGGGTTGTGGCCTAATCAT,DENV1
D3S_F,GTGCTTACACAGCCCTATTT,DENV3
D3C_R,CTCCATTCTCCCAAGCGCCTG,DENV3
D4S_F,CCATTATGGCTGTGTTGTTT,DENV4
D4C_R,CCTTCATCCTGCTTCACTTCT,DENV4
RSS9_F,CTGTTCAGTGTTAGGTGAC,DENV1
RSS10_R,CATTCCCTATACTGCTTCC,DENV1
RSS11_F,GTCACAAACCTGCCGTCCT,DENV1
RSS12_R,CGCAGCTTCCATGCTCCAAT,DENV1
RSS21_F,GGACTCAACAGTACATTTGCCGGA,DENV4
RSS22_F,GTTTTCATGCTCGGGGAAGAT,DENV4
RSS23_R,CTTCTGTGTGTCTGCTCCT,DENV4
RSS24_R,GAGAACTTTCCTGAAGCACATCGT,DENV4
DEN-1-forward_F,GACACCACACCCCTTTGGACAA,DENV1
DEN-1-reverse_R,CACCTGGCTGTCACCTCCAT,DENV1
DEN-3-forward_F,GGGAAAACCGTCTATCAATA,DENV3
DEN-3-reverse_R,GCCATAACAAATTCATTGG,DENV3
DEN-4-forward_F,TGAAGAGATTCTCAACCGGAC,DENV4
DEN-4-reverse_R,AATCCTGCTGTTGGTGGG,DENV4
Den_R2_R,GAGACAGCAGGATCTCTGG,ALL
D1F751_F,GGATGTCCTCTGAAGGCGC,DENV1
D1F1035_F,CCAACATTGGACATTGAAC,DENV1
D1F1545_F,CACAAACAATGGTTTCTAG,DENV1
D1R1653_R,"CATGAGCTGTCTT(A,G)AATGTG",DENV1
D1R2297_R,CCCTATTCCTATTTTCATGG,DENV1
D1R2581_R,GCTGATCGAATTCCACACAC,DENV1
D2F798_F,CCAGAGAATTGAAACTTGGA,DENV2
D2F1200_F,GAGGTTCGTCTGCAAACA,DENV2
D2F1729_F,ACAGGAGCCACAGAAATCCA,DENV2
D2R1667_R,AGGGGATTTTTGAAAGTG,DENV2
D2R2099_R,TTCAGTTGTCCCGGCTCT,DENV2
D2R2516_R,GTATTGTTCTGTCCATGTGT,DENV2
D3F791_F,CAAGTCGAGAAGGTAGAGAC,DENV3
D3F1187_F,GAGCAGGACCAGAACTACGT,DENV3
D3F1667_F,AAGCAAGAAGTAGTTGTCCT,DENV3
D3F1927_F,CAAGATTCCTTTCTCCAC,DENV3
D3R1340_R,TGAGGTTCTCATGTTGCACC,DENV3
D3R1758_R,CTTGTGCCTCCTGAGGTTTG,DENV3
D3R2095_R,GATTTTCAGGGCTTTGTC,DENV3
D3R2492_R,TGTGGACCTCATTAGTGACG,DENV3
d4s2_F,AACAAATGCACYCTYATTGCCA,DENV4
d4s3_F,TTTGAACTGACYAAGACAACAGC,DENV4
d4s4_F,TGGACAGCAGGAGCAGACACAT,DENV4
d4a6_R,TGGGTGTCTCCATTGTGGACTG,DENV4
d4a18_R,GGGCATTYAATATTGCAGACGCTA,DENV4
DEN_RP2_R,CTGHRGAGACAGCAGGATCTCTG,ALL
D2-C_R,ACGCATTGTCATTGAGGGAG,DENV2
D4-C_R,GGAAAGGACTCGCAAAAAC,DENV4
DenS_F,GGATAGACCAGAGATCCTGCTGT,DENV
DenAs_R,CATTCCATTTTCTGGCGTTC ,DENV
DenAs_R,CAATCCATCTTGCGGCGCTC,DENV
DN_F,"CT(A,T)TCAATATGCTGAAACGCG",ALL
R_R,"TCTATCCA(G,A)AAT(T,C)CCTGCTGTT",ALL
D1_R,CGCTCCATTCTTCTTGAATGAG,ALL
D3_R,TCATGAGACAGAGCGATGTC,DENV3
D4_R,CCGCGGCCGGCGCG,DENV4
S07100620_FP_F,CCGTCACACTGGGTTCCAA,DENV2
S07100620_RT_R,CCGTCGTCATCCATTCATGCT,DENV2
rbcLa_F,ATGTCACCACAAACAGAGACTAAAGC,DENV2
rbcLa_R,GTAAAATCAAGTCCACCRCG,DENV2
ITS-S2_F,ATGCGATACTTGGTGTGAAT,DENV2
ITS4_R,TCCTCCGCTTATTGATATGC,DENV2
psbA_F,GTTATGCATGAACGTAATGCTC,DENV2
trnH2_R,CGCGCATGGTGGATTCACAATCC,DENV2
matK-KIM3_F,CGTACAGTACTTTTGTGTTTACGAG,DENV2
matK-KIM1_R,ACCCAGTCCATCTGGAAATCTTGGTTC,DENV2
matK-390_F,CGATCTATTCATTCAATATTTC,DENV2
matK-1326_R,TCTAGCACACGAAAGTCGAAGT,DENV2
1G1P1_F,AAAACCATGGAAGCTGTACG,DENV1
1G1P1_R,TCTGTGCCTGGAATGAT,DENV1
2G2P5_F,GGGAGTGGAGTGGAAGGAGAAGGG,DENV2
1G4P217_R,CCATCATGAGACAGAGCGAT,DENV3
1G5P30_R,CTACAGGCAGCACGGTTT,DENV4
DENV-1_F,GGGCTCACTCAAGAAGAATG,DENV1
DENV-1_R,CCAATGGCTGCTGATAGTCT,DENV1
DENV-2_F,ACAGAAGCCAAACAACCTG,DENV2
DENV-2_R,AGCACTCCATCGTGACAGT,DENV2
DENV-3_F,AACAGCAGGAGTCTTGGCT,DENV3
DENV-3_R,AATGGGCGAGAAATAGGG,DENV3
DENV-4_F,TGATAGTGGCAAGACACGA,DENV4
DENV-4_R,AAGAAGACTGTTCGCTGGA,DENV4
DENV-2_F,CAGGCTATGGCACTGTCACGAT,DENV2
DENV-2_R,CCATTTGCAGCAACACCATCTC,DENV2
DENV-3_F,GGACTGGACACACGCACCCA,DENV3
DENV-4_F,TTGTTCTAATGATGCTGGTCG,DENV4
D2-1_FW_F,AGTTGTTAGTCTACGTGGACCGA,DENV2
D2-2691_RV_R,TGTCATAATAGTCAACTTCACCTCA,DENV2
D2-2586_FW_F,TGGAATCCGCTCAGTAACAAGA,DENV2
D2-5339_RV_R,ACTGGTGATAGCAGCCTCATAGT,DENV2
D2-5032_FW_F,AGTATTGAAGACAATCCAGAGA,DENV2
D2-8006_RV_R,TCACACAACAATGTGTCACACT,DENV2
D2-7930_FW_F,TGGAATCTAGTACGTCTTCAAAGT,DENV2
D2-10723_RV_R,AGAACCTGTTGATTCAACAGCA,DENV2
Primer_1_N,GCTAATACGACTCACTATAGAGTTGTTAGTCTACG,ALL
Primer_2_N,AGAACCTGTTGATTCAACAGCACCATTC,ALL
Primer_3_R,AGAACCTGTTGATTCAACAGCAC,ALL
Primer_4_R,CAAGCTATGGCATTTGTAATGGC,ALL
DENV-1_F,ATCCATGCCCAYCACCAAT,DENV1
DENV-1_R,TGTGGGTTTTGTCCTCCATC,DENV1
DENV-2_F,TCCATACACGCCAAACATGAA,DENV2
DENV-2_R,GGGATTTCCTCCCATGATTCC,DENV2
DENV-3_F,TTTCTGCTCCCACCACTTTC,DENV3
DENV-3_R,CCATCCYGCTCCTTGAGA,DENV3
DENV-4_R,AGTGARCGGCCATCCTTCAT,DENV4
Forward_F,GGAATTCCATATGCTGAGCATTATCAACAAA,DENV2
Reverse_R,GCTCTAGATCATCTGGCAGTGGCCTCGAACA,DENV2
VIR2234_F,TCATGGATGAAGCACATTTCACAGATCC,ALL
VIR2234_R,TGAAGATCGCAGCTGCCTCTCCCAT,ALL
DV1(+)_F,GGRACKTCAGGWCC,ALL
DSPl(-)_R,AGTITCITTTCCLAACACCEG,DENV1
DSP2(-)_R,CCGGTGTGCTCRGCYC,DENV2
DSP3(-)_R,TTAGAGTYCITAAGCGTCTCITG,DENV3
D4_R,AGGACTCGCAAAACGTGATGAAT,DENV4
DEN-1_R,CGTCTCAGTGATCCGGGGGG,DENV1
DEN-2_F,CGCGCTGCCCAACACAAGGGG,DENV2
DEN-2_R,GCTTTGTCTTTCATTTGCAC,DENV2
HP53_F,AAGTTCCAACCAGAATCCCC,ALL
HP53_R,AGCCATATATTGGTAGTGAA,ALL
NS3_Antisense_R,CATAAGCTTACAGAGGTTCCCCATG,DENV2
E/NS2A_Sense_F,GGGGGATATCATGCTGTCTGTGTCACTAG,DENV2
E/NS2A_Antisense|_R,GGGGCTCGAGTTACCCTGTGATCAATG,DENV2
NS1_Sense_F,GGGGGATATCGATAGTGGTTGCGTTG,DENV2
NS1_Antisense_R,GGGGCTCGAGTTAGGCTGTGACCAAG,DENV2
P1_F,GGGGTACCCTTCAATGACAATGCGTT,ALL
P2_R,GCTCTAGAGCTGGTTGGAACTTATATTG,ALL
P1_F,CAGATTCTTTGAGGGAGC,ALL
P2_R,GCTTCCTCCTGAAACCC,ALL
TM_F,GCATTYCTAAGATTTCTAGCCATACC,DENV1
TM_R,TCGCTCCATTCTTCTTGAATGAG,DENV1
TS1.2013TH_R,MGCYTCAGTGATTCKAGG,DENV1
Cebeof_2_F,CCATGGGTAACGGAGTGGTCAGAC,DENV2
Cebeof_3_R,TGCATGGAACTACAAGTACGCG,DENV2
DEN-1_F,GAACAGTTTCGACTCGGAAGCTT,DENV1
DEN-1_R,CTCTCGCGTTTCAGCATATTGA,DENV1
DEN-2_F,TTATCAGTTCAAAATCCAATGTTGGT,DENV2
DEN-2_R,AGGAGGAAGCTGGGTTGACA,DENV2
DEN-3_F,AAAGCTATGAACGCCATAACCAA,DENV3
DEN-3_R,GGCGAAGAGATTCTCAAGAGGAT,DENV3
DEN-4_F,GAGAATCTCTTCACCAACCCTTGA,DENV4
DEN-4_R,GAAAAATGAACCAACGAAAAAAGGT,DENV4
D708_R,CGCAATACATGAAAATGACATGGAAGTGTTTCTCGAGTTCAACCCTATCCA,DENV3
DEN-1_Forward_F,TGATGAACAACCAACGRAAAAA,DENV1
DEN-1_Reverse_R,GTTTCTCCCGCGTTTCAGCAT,DENV1
DEN-2_Forward_F,CTGCARGGACGAGGACCATT,DENV2
DEN-2_Reverse_R,GGGATTGTTAGGAAACGAAGGA,DENV2
DEN-3_Forward_F,TCGCTCTGTCTCATGATGATRTT,DENV3
DEN-3_Reverse_R,GGCTCTCCATCGCGTGAA,DENV3
DEN-4_Forward_F,TCTCTGGAAAAATGAACCAACGA,DENV4
DEN-4_Reverse_R,CGGTTTCTCTCGCGTTTCAG,DENV4
DENV.3_P.Q_F,ACTAGAGGTTAGAGGAGACCCCC,DENV3
DENV.3_P.QRA_R,GGCGCTCTGTGCCTGGATT,DENV3
NS3proRXhoI_R,TATACTCGAGCTATCGAAAAATGTCATCTT,DENV2
NS2BFNcoI_F,CAAACCATGGCAAGCTGGCCGCTAAATGA,DENV2
NS3proFNcoI_F,CAAACCATGGCTGGAGTATTGTGGGATGT,DENV2
CF40FNcoI_F,AGGTACCATGGCCGATTTGGAACTG,DENV2
CF40RKpnI_R,GGGGTACCACAGTGTTTGTTCTTCCTC,DENV2
NS3proFKpnI_F,GGGGTACCTGTGGGAAGTGAAGAAACAACGGGCTGGAGTATTGT,DENV2
NS3proFS135A_F,TCTCCTGGAACCGCAGGATCTCCAATC,DENV2
NS3proRS135A_R,GATTGGAGATCCTGCGGTTCCAGGAGA,DENV2
NS3proFBamHI_F,ATTAGGATCCCTGGAGTATTGTGGGATGT,DENV2
NS3proRHindII_R,GCTAAAGCTTCTATCGAAAAATGTCATCTT,DENV2
CF40FBamHI_F,ATTAGGATCCGCCGATTTAGAACTG,DENV2
CF40gly_R,CCCGCCTCCACCACTACCTCCGCCCCCCAGTGTTTGTTCTTCCTC,DENV2
NS3progly_F,GGGGGCGGAGGTAGTGGTGGAGGCGGGGCTGGAGTATTGTGGGATG,DENV2
DoaSSMfPSaGoDV_3_F,AGCACATGCYATAGGAACATCC,DENV1
DoaSSMfPSaGoDV_5_F,TCGCTCCTTCAATGACAATGC,DENV2
DoaSSMfPSaGoDV_6_R,CAGCTCACAACGCAACCAC,DENV2
DoaSSMfPSaGoDV_7_F,TAGCCCTATTTCTTGCCCATTAC,DENV3
DoaSSMfPSaGoDV_8_R,AGTTCATTGGCTATTTGTCTTCA,DENV3
DoaSSMfPSaGoDV_9_F,AACAGGRATCCAGCGAACTGT,DENV4
D1SEQ1_F,GCYATAGGAACATCCATCACYCAG,DENV1
D1SEQ2_F,ACGTGTGCYAAGTTYAAGTGTGT,DENV1
D1SEQ3_F,AAGACAGCTCATGCAAAGAARCAG,DENV1
D1SEQ4_F,TTGGTGAGAGYTACATCGTGRATAG,DENV1
D1SEQ6_F,CTGGTGACCCTTTTCCCCACAG,DENV1
D1SEQ7_F,TGGGTCTCAGCCACTTCYTTCCT,DENV1
D1SEQ8_F,AGCCCTGTTCTAGGTGAGCAATC,DENV1
D2SEQ1_F,TYGCTCCTTCAATGAACATGCG,DENV2
D2SEQ2_F,ACATGCAAAAAGAACATGGAAGGA,DENV2
D2SEQ3_F,AATCCCCAYGCVAAAGAAACAGGAT,DENV2
D2SEQ4_F,CCATTCGGRGACAGCTACATCAT,DENV2
D2SEQ5_F,CAGCTCACAACGCAACCACCTA,DENV2
D2SEQ6_F,TGATGATGTAGCTGTCCTCCGAATG,DENV2
D2SEQ7_F,CTGTGAGTGCCGTGTGCATG,DENV2
D2SEQ8_F,CAARTTTTCTGGTTGCACGACT,DENV2
D3SEQ1_F,AGGCACCTCCTTGACCCAGAA,DENV3
D3SEQ2_F,TGGCAAGGGAAGCTTGGTAA,DENV3
D3SEQ3_F,AACAGGAAGGAGCTTCTTGTGACA,DENV3
D3SEQ4_F,GAGCCTGTCAATATTGAGGCTGA,DENV3
D3SEQ5_F,TGTCATGGATGGGGTGACCA,DENV3
D3SEQ6_F,TCCTCTATTGGTTCAGGGCA,DENV3
D3SEQ7_F,CTTGCGATCCAAGGACAACACT,DENV3
D3SEQ8_F,GCGTTGTCTCCAATTCCAATYACT,DENV3
D4SEQ1_F,TGTCCTAATGATGCTGGTCGC,DENV4
D4SEQ2_F,GAGGAGTTGTGACATGTGC,DENV4
D4SEQ3_F,ATGGTGACATTTAAGGTTCCTCAT,DENV4
D4SEQ4_F,GCTGAGAATACCAACAGTGTAACCA,DENV4
D4SEQ6_F,GCCATDCGYTTTGCAACCTCT,DENV4
D4SEQ7_F,TTGAGATGTTCCTGCAAAACATGT,DENV4
D4SEQ8_F,ATGGTGACCTGGGRGTTATCGTC,DENV4
d1E101WAB1_F,ACAGCCATTGCCCGCGCCTCTGTCCAC,DENV1
d1E101WAA2_R,GTGGACAGAGGCGCGGGCAATGGCTGT,DENV1
d1E108FAB1_F,GCTACCTTTTCCGGCAAGCCCACAGCC,DENV1
d1E108FAA2_R,GGCTGTGGGCTTGCCGGAAAAGGTAGC,DENV1
d1E209HAB1_F,AAACCATTGTTTGGCGACAAGCCATGA,DENV1
d1E209HAA2_R,TCATGGCTTGTCGCCAAACAATGGTTT,DENV1
d1E258-GAB1_F,AGTGTGCATTGCTGCTTCTTGTGATCC,DENV1
d1E258GAA2_R,GGATCACAAGAAGCAGCAATGCACACT,DENV1
d1E262TAB1_F,TCCGGTCAACGCAGCGTGCATTGCTCC,DENV1
d1E262TAA2_R,GGAGCAATGCACGCTGCGTTGACCGGA,DENV1
d1E265TAB1_F,TTCTGTCGCTCCGGCCAACGCAGTGTG,DENV1
d1E265TAA2_R,CACACTGCGTTGGCCGGAGCGACAGAA,DENV1
Primer_a_F,ACGTCTCGAGAGGACCATGGGGATCATTTTTATTTTGCTGAT,DENV1
Primer_b_F,ACGTCTCGAGAGGACCATGGCTGTGACCATGCTCCTCATGCT,DENV1
Primer_c_R,ACGTGGATCCTCATTACTTCTTGAACCAGCTTAGTTTCA,DENV1
Primer_d_R,AGTGGATCCTCATTACTTCATGGTCCAAGAAACACC,DENV1
Primer_e_R,AGTGGATCCTCATTACGCCTGAACCATGACTCCTAG,DENV1
1318-1336_F,TTCAGTGATAGTCACCGTA,DENV1
1437-1458_F,GAGTTCCATCACAGAAGCAGAA,DENV2
1453-1471_R,GAGGGTTCCATATTCAGGT,DENV3
1545-1563_R,GCACGAGCCATGTTTTCTT,DENV4
nDEN1_(−)_R,CGTTTTGCTCTTGTGTGCGC,DENV1
nDEN2_(−)_R,GAACCAGTTTGTTTDRTTTCATAGCTGCC,DENV2
nDEN3_(−)_R,TTCCTCGTCCTCAACAGCAGCTCTCGCACT,DENV3
5'_end_F,ACTCACAGCAATCCAACA,ALL
3'_end_R,AGAACCTGTTGATTCAACAGCACCATTCCA,ALL
PatfrdohsCc_1_F,GATGGCCAGTGTGGAGCCCCATTGGATA,DENV1
PatfrdohsCc_2_R,CAGCCACATGGCCAATCCCTAAGTCTTT,DENV1
PatfrdohsCc_3_F,ACCTTAGCGACCGGGCCCATCTCCACAC,DENV2
PatfrdohsCc_4_R,GTTTGTTGTGTTCTTCATGATGGAAAAG,DENV2
PatfrdohsCc_5_F,TGGGAGGAAGAGGCTGAGCAAACAGGAGTG,DENV3
PatfrdohsCc_6_R,GGGTTTGCTTTTGCCAAGTATGCCAGACCA,DENV3
PatfrdohsCc_7_F,AGTGTTCAAGATGTCACCAGGATACGTG,DENV4
PatfrdohsCc_8_R,CTAAGGTTCCCACTTGGGTGTTGTCAAA,DENV4
CDC10564_R,GGGTCTCCTCTAACCTCTAGTCCT,ALL
DV_1-P1_N,GAGTCTAGTGGCATCTG,DENV1
DV_1-P2_N,CATGGTTAGTGGTTTG,DENV1
DV_2-P1_N,GAATTGATGATGACTACC,DENV2
DV_2-P2_N,GGAAACGGACACCACT,DENV2
DV_3-P1_N,TGAGGAAAACTGACATA,DENV3
DV_3-P2_N,TGAGCCCCAAAGCAA,DENV3
DV_4-P1_N,AGGAAACTCACTTCAAG,DENV4
DV_4-P2_N,AGGTACACTGGCAGAG,DENV4
DENV2C_F,CTCTAACATCCACCACAACAGA,DENV2
DENV2C_R,AGTTCTGGCTCCTCTGTTCAAGA,DENV2
Primer_A_F,TGACCATGATTACGCCAAGCTATTTAGGTG,DENV1
Primer_C_F,CGGAATTCGGATCGATCCCCCCTAATAC,DENV1
Primer_D_R,CAGTTCCTGAGGTCCTCGTCCCTGCAG,DENV1
Primer_E_F,AGCTATGACCATGATTACGAATTC,DENV1
Primer_F_R,TTTCACAGAGAGAGAAGGCGTATTTCTCGCCTTT,DENV2
Primer_G_F,GCCTTCTCTCTCTGTGAAACGCGAGAGAAACCG,DENV2
Primer_H_R,TGAGGTCCTCGTCCTG,DENV2
Primer_I_R,CAGCGCTCTCTCTGTGTTTTTTGTTTTGGGGGGG,DENV2
Primer_J_F,AAACACAGAGAGAGCGCTGGGAAAGACCAGAGAT,DENV2
RSS1_F,GGATCCCCAAGAAGGGGCCAT,DENV2
RSS2_R,GGCAGCTCCATAGATTGCT,DENV2
RSS3_F,GGTGTTGCTGCAGATGGAA,DENV2
RSS4_R,GTGTCACAGACAGTGAGGT,DENV2
RSS5_F,CCAACATAACAACTGACTC,DENV3
RSS6_F,GGCAAGGGAAGCCTGGTA,DENV3
RSS7_R,CTACATTTTAAGTGCCCCG,DENV3
RSS8_R,GACAGGCTCCTCCTTCTTG,DENV3
FaaCoUFiSPPAPR_1_F,CAAAAGGAAGTCGYGCWATA,DENV1
FaaCoUFiSPPAPR_2_R,CTGAGTGAATTCTCTCTRCTRAAC,DENV1
FaaCoUFiSPPAPR_3_F,CAGGYTATGGCACYRTCACRAT,DENV2
FaaCoUFiSPPAPR_4_R,CCATYTGCAGCARCACSATCTC,DENV2
FaaCoUFiSPPAPR_7_F,TYRTYCTAATGATGCTRGTCG,DENV4
DortPfdaqoDV_1_F,GARAGACCAGAGATCCTGCTGTCT,ALL
DortPfdaqoDV_2_R,ACCATTCCATTTTCTGGCGTT,ALL
ALD-1c_F,AAACCGTGCGCCTGTAG,ALL
ALD-2_R,TCTCTCCACGCTCAATA,"DENV1, DENV3"
DEN1_forward_F,TGGCTATGGTACTGTCAATTG,DENV1
DEN1_reverse_R,TGTTGTGGAAGTTTCCCTATTTC,DENV1
DEN3_forward_F,CCATTCTTGGCTTTGGGATTC,DENV3
DEN3_reverse_R,TGGTGTTATTACTGTTGTGGC,DENV3
DEN4_forward_F,CCATTATGGCTGTGTTGTTTG,DENV4
DEN4_reverse_R,GTAAGTTGGCAAACTGGCAATC,DENV4
E_gene_antisense_primer_R,TGTGGTACCTATTCCACTGCCACACTTCAGTTC,ALL
E_gene_sense_primer_F,ACTGGTACCTGGATGTCATCAGAAGG,ALL
a_F,TGGAAGCTGTGTGAC,ALL
b1_R,CTTTCCTGTGGCCATAGAGTATG,ALL
b2_R,GGGATTTTAGCTGGAGAGCC,ALL
c1_F,CATACTCTATGGCCACAGGAAAG,ALL
c2_F,GGCTCTCCAGCTAAAATCCC,ALL
Dciam3n(eodviiioDis_1_F,ATATTGGATCCGCGCGCATGTCCGTGACCATGCTCCTC,DENV1
Dciam3n(eodviiioDis_2_R,ATATTATGCATGCGGCCGCTAGGCGGGGGCCACCTGGGAGGTCTCGGTGCCCTTGAACCAGCTTAGTTT,DENV1
SCR_F,TCAATATGCTGAAACGCGCGAGAACCG,ALL
SCR_R,TTGCACCAACAGTCAATGTCTTCAGGTC,ALL
TS4_R,TCTGTTGTCTTAAACAAGAGA,DENV4
Dciam3n(eodviiioDis_4_R,CTGAGTGAATCTCTCTGCTRAAC,DENV1
Dciam3n(eodviiioDis_9_F,TTGTCTTAATGATGCTRGTCG,DENV4
Den_E-A_F,GTTAACATCGAAGCCGAACCTCCTTTTGGT,ALL
Den_E-B_R,GGCTTCGATGTTAACACCAAAAGGAGGTTC,ALL
Den_E-5b_F,GGATCCGTTAACATCGAAGCC,ALL
Den_E-3he_R,GAATTCATTAAAGCTTACCAAAAGGAGGTTC,ALL
D1_F,TCAATATGCTAAAACGCGCGAGAAACCG,ALL
Modified_D1_F,TAATACGACTCACTATAGGTCAATATGCTAAAACGCGCGAGAAACCG,ALL
FLAVI-1_F,AATGTACGCTGATGACACAGCTGGCTGGGACAC,ALL
FLAVI-2_R,TCCAGACCTTCAGCATGTCTTCTGTTGTCATCCA,ALL
D(+)_F,ATTGCAATCGATAAGCTTGATATCGAATTCCTGCAGAG,DENV2
D(−)_R,ATGCTGCATGCTCTTCCCCTGAGTGAGGTGTT,DENV2
1(+)_F,TCACTTGGAATGCTGCAGGGAGGACCATTAA,DENV2
1(−)_R,ATGAACAGTTTTAATGGTCCTCCCTGCAGC,DENV2
2(+)_F,TCACTTGGAATGCTGCAGGGAAAACTGTTCA,DENV2
2(−)_R,ACCAGGGCCATGAACAGTTTTCCCTGCAGC,DENV2
3(+)_F,TCACTTGGAATGCTGCAGGGACTGGTGGCGT,DENV2
3(−)_R,GAAATGAAGGAACGCCACCAGTCCCTGCAGC,DENV2
4(+)_F,TTGGAATGCTGCAGGGACGACCATTAAAAC,DENV2
4(−)_R,GCCATGAACAGTTTTAATGGTCGTCCCTGC,DENV2
5(+)_F,TTGGAATGCTGCAGGGACGAGCGTTCCTTC,DENV2
5(−)_R,GTTAGGAAACGAAGGAACGCTCGTCCCTGC,DENV2
6(+)_F,TTGGAATGCTGCAGGGACGACCACCACCAACAG,DENV2
6(−)_R,TTCAGTATCCCTGCTGTTGGTGGTCGTCCCTGC,DENV2
FG1_F,TCAAGGAACTCCACACATGAGATGTACT,ALL
FG2_R,GTGTCCCATCCTGCTGTGTCATCAGCATACA,ALL
DENV_F,GCATATTGACGCTGGGARAGAC,ALL
NS4B_F,CCGGAATTCACCATGGGAACACCCCAAGACAACCAACT,DENV2
NS4B(1-232)_R,CCGGTACCGGTGGATTTCCTTCCCACAATGT,DENV2
NS4B(1-155)_R,CCGGTACCGGTTCTCTGGTTGCTTTTGCTTG,DENV2
NS4B(1-125)_R,CCCGGGGACTTGTGAGTAGCATCCAATGGC,DENV2
NS4B(1-77)_R,CCCGGGATGTCTCAACATTGGTGTAAC,DENV2
NS4B(1-47)_R,CCCGGGCTCGGGTTGCTGGGTTGCAATGC,DENV2
Δ2KNS4B_F,CCGGAATTCACCATGAACGAGATGGGTTTCCTAGAAA,DENV2
Δ2KNS4B_R,GGGGTACCCTTCTTGTGTTGGTTGTGT,DENV2
MHC-I_F,CCGGAATTCACCATGGTCCCGTGCACGCTGCTCCTGCTGTTGGCAGCCGCCCTGGCTCCTGGCTCCGACTCAGACCCGGGCCCGGAACGAGATG,DENV2
NS4A/B_F,CCGGAATTCACCATGTCTCTGACCCTGAACCTAATCAC,DENV2
D1_F,AGTTGTTAGTCTRYGTGGACCGAC,ALL
D1-TS1_R,CCCGTAACACTTTGATCGC,DENV1
Pan-DENV_F,AAGGACTAGAGGTTAGAGGAGAC,ALL
Pan-DENV_R,GGCGTTCTGTGCCTGGAATGAT,ALL
Forward_F,GGTTGTAGGAGATGTTGCTGGG,DENV2
Reverse_R,TAGCCTTTCCCCAGCTTTTCCA,DENV2
Forward_F,TCAAAGGAATCATGCAGGCAGG,DENV2
Reverse_R,TCGGGGCCATCAATGAGAAA,DENV2
Forward_F,GCCAATGAACTGAACTACATATTATGGG|,DENV2
Reverse_R,GGTGTTAGTGTTCTTTTCCCTTGCTCT,DENV2
Forward_F,ATGTTCTCTGGGAAGGAGGACAT,DENV2
Reverse_R,TCATTCACTGGAGGTGTGAGTGCTC,DENV2
Dofbrtcrwtups_1_N,ATGGATTACCAATATCT,DENV1
Dofbrtcrwtups_2_N,GTAAGCTTGAGATGGAC,DENV2
Dofbrtcrwtups_3_N,AGCCAAAAGAATGGAAG,DENV3
Dofbrtcrwtups_4_N,CTGCATCTGGAAAACTA,DENV4
Dengue-2_F,AAGGACTAGIGGTTAKAGGAGACC,DENV2
Dengue-2_R,CTGTTGATTCAACAGCACCATTC,DENV2
Dengue-2_R,CTGTTGGATCAACAACACCAATC,DENV2
DEN1-635_F,AGACACATGGGTGACCTAGG,DENV1
DEN1-2472_R,CTCTGTCCAAGTGTGGACTTC,DENV1
DEN2-835_F,CCAGGCTTTACCATAATGGC,DENV2
DEN2-2420_R,CCAGCTGCACAACGCAACCAC,DENV2
DEN4-685_F,AGAGCGGAGAACGGAGACGAG,DENV4
DEN4-2454_R,TCCGCTTCCACACTTCAATTC,DENV4
CYD1_F,CATTGCAGTTGGCCTGGTAA,DENV1
CYD1_R,ACTTGAGCTCTCTCTTGCCAAAG,DENV1
CYD2_F,GTGGGAGTCGTGACGCTGTA,DENV2
CYD3_F,AAAACACTTCCATGTCATTTTCATG,DENV3
CYD4_F,CTTAGTATTGTGGATTGGCACGAA,DENV4
CYD4_R,GCGCCAACTGTGAAACCTAGA,DENV4
Fap3stbcacdatesovi_2_F,CATGAGTTAATCATGAAAGAC,DENV2
D2/2048-S_F,CTCCAITCGGAGACAGCTAC,DENV2
D2/2578-C_R,TTACTGAGCGGATTCCACAGATGCC,DENV2
ST3_N,TAACATCATGAGACAGAGC,DENV3
F1_F,GACTAGAGGTTAGAGGAGACCCCC,ALL
R2_R,CAATCCATCTTGCGGCGCTCT,DENV4
5_F,CCACGATAGCGGTGTCCA,DENV1
5_R,GCCGTTCCTCTCGACACT,DENV1
6_F,ACCTTCATCATCGACGGC,DENV1
6_R,CATTAGCCGGTGGTCACA,DENV1
7_F,GCGTTCCATCTGACCACC,DENV1
7_R,TCTCGTCGGTGTTCACCA,DENV1
8_F,GGAGAGCCGCACATGATA,DENV1
8_R,AACGTCATCTGGTTCCGT,DENV1
Pohggtaitpbopwadhf_1_F,ATCCATGCCCATCAYCAATG,DENV1
Pohggtaitpbopwadhf_2_R,GATCARTGGTGTGGATCCCTG,DENV1
Pohggtaitpbopwadhf_4_R,GAGAAGACCAATGGTGCGGC,DENV2
Pohggtaitpbopwadhf_5_F,TTTCTGCTCCCACCACTTTCAT,DENV3
Pohggtaitpbopwadhf_6_R,AGACTRGCATCCAACGCCA,DENV3
Pohggtaitpbopwadhf_8_R,ATGAAGGATGGCCGYTCACT,DENV4
DENEB-I_R,GTTTCACCTAGAATGGCCATT,DENV4
DENEB-II_F,AAGTGCAAAGTCCGTATGGAG,DENV4
DEN2-5S_F,GTTGTTAGTCTACGTGGACC,DENV2
DEN2-5C_R,CTGTTGGTGGGATTGTTAGG,DENV2
DEN2-3S_F,ACTACATGCCATCCATGAAG,DENV2
DEN2-3C_R,AGAACCTGTTGATT,DENV2
D2/36-S_F,CTTTGAGGAGCTAAGCTCA,DENV2
D2/82-S_F,GAGAGCAGATCTCTGATGAATAAC,DENV2
D2/679-C_R,TTCTTTGTTCTCCGGTGGTGGC,DENV2
D2/810-S_F,AACCTGGATCTTGAGACATC,DENV2
D2/858-C_R,GTGTCGTTCCTATGGTGTATGCC,DENV2
D2/1395-S_F,TGACACAGGAAAACATGGCA,DENV2
D2/1741-S_F,GAAATCCAGATGTCATCAGG,DENV2
D2/1830-C_R,TTCCTGTACACATAGAGTAT,DENV2
D2/2048-S_F,CTCCATTCGGAGACAGCTACG,DENV2
D2/2405-S_F,GAGCTATGGTGCAGGCTGA,DENV2
D2/2474-C_R,TGTGCACGTTATATGTGATGAAGATCC,DENV2
D2/2578-C_R,TTACTGAGCGGATTCCACAAATGCC,DENV2
D2/2609-S_F,GGAGAATCTGATGTGGAAAC,DENV2
D2/3015-S_F,GGGTTATTGGATAGAAAGTGC,DENV2
D2/3087-C_R,TGTGACTTTGGCCAGTGGCAG,DENV2
D2/3167-S_F,GGCCAGTGTCACAACACAAC,DENV2
D2/3559-C_R,GCAGTATTGCATGTTTCGTTCC,DENV2
Flavi1+_F,GAYYTIGGITGYGGIIGIGGIRGITGG,ALL
Flavi1−_R,TCCCAICCIGCIRTRTCRTCIGC,ALL
Flavi2−_R,CCARTGITCYKYRTTIAIRAAICC,ALL
ND1_F,CCAARAGCRAAACRWGGCACAGCAC,DENV1
ND2_F,YCGYAAYATYGGRATTGAAAGTGA,DENV2
ND3_F,GAGCTGCTGTTGAGGACGARGAATT,DENV3
ND4_F,GGAAGCTATGAAGCTCCYTCGAC,DENV4
D1–4_R,GAGACAGCAGGATCTCTGGTC,DENV1
D2_F,GAGATGAAGCTGTAGTCTCIC,ALL
DEN1_N,TCAATATGCTGAAACGCGACTGAGAAACCG,DENV1
DEN2_N,TTGCACCAGCATCATGTCTTCAGGTTC,DENV2
D1_F,AGAGACAGAGTTCTGAGGCA,ALL
D1_R,CTTCTGTGCCAGACACTAGA,ALL
Flavi2+_F,YGYRTIYAYAWCAYSATGGG,ALL
D1_F,TCAATATGCTGAAACGCGCGAGAAACCG,ALL
TS1_R,CGTCTCAGTGATCCGGGGG,DENV1
TS2_R,CGCCACAAGGGCCATGAACAG,DENV2
TS3_R,TAACATCATCATGAGACAGAGC,DENV3
TS4_R,CTCTGTTGTCTTAAACAAGAGA,DENV4
DENV1_30_RIGHT_R,GCTCCCAACCACATGTACCATA,DENV1
DEN-1_F,CAAAAGGAAGTCGTGCAATA,DENV1
DEN-1_C_R,CTGAGTGAATTCTCTCTACTGAACC,DENV1
DEN-2_F,CAGGTTATGGCACTGTCACGAT,DENV2
DEN-2_C_R,CCATCTGCAGCAACACCATCTC,DENV2
DEN-3_F,GGACTGGACACACGCACTCA,DENV3
DEN-3_C_R,CATGTCTCTACCTTCTCGACTTGTCT,DENV3
DEN-4_F,TTGTCCTAATGATGCTGGTCG,DENV4
DEN-4_C_R,TCCACCTGAGACTCCTTCCA,DENV4
D1_F,CAAAAGGAAGTCGYGCAATA,ALL
D1_R,CTGAGTGAATTCTCTCTACTGAAC,ALL
D1_R,CTGAGTGAATTCTCTCTGCTRAAC,ALL
D2_F,CAGGCTATGGCACYGTCACGAT,ALL
D2_R,CCATYTGCAGCARCACCATCTC,ALL
D3_F,GGACTRGACACACGCACCCA,DENV3
D3_R,CATGTCTCTACCTTCTCGACTTGYCT,DENV3
D4_R,TCCACCYGAGACTCCTTCCA,DENV4
DatodvboRhma_1_F,GACTTYGTGGAAGGDSTBTCAGG,DENV1
DatodvboRhma_2_R,GTCAGGTTBSCYTCWATGCA,DENV1
Den-4_R,TGTTGTCTTAAACAAGAGAGGTC,DENV4
mD1_F,TCAATATGCTGAAACGCGAGAGAAACCG,ALL
rTS1_R,CCCGTAACACTTTGATCGCT,DENV1
mTS2_R,CGCCACAAGGGCCATGAACAGTTT,DENV2
rTS4_R,TTCTCCCGTTCAGGATGTTC,DENV4
D2S_F,GTTCCTCTGCAAACACTCCA,DENV2
Smnfgsodv_6_R,TCTGTGCCTGGAATGATGCT,"DENV1, DENV2, DENV3"
DENV_NS5_F,GGAAGGAGAAGGACTGCACA,ALL
DENV_NS5_R,ATTCTTGTGTCCCATCCTGCT,ALL
DodvRipaposdibutTaas_3_F,ACAAGTCGAACAACCTGGTCCAT,DENV2
Den1_R10735_R,AGAACCTGTTGATTCAACAGCACC,DENV1
Den4_F1_F,AGTTGTTAGTCTGTGTGGACCGAC,DENV4
DV1_F,GGRACKTCAGGWTCTCC,ALL
DV3_R,AARTGIGCYTCRTCCAT,ALL
DSP1_F,AGTTTCTTTTCCTAAACACCTCG,DENV1
DSP2_F,CCGGTGTGCTCRGCYCTGAT,DENV2
DSP3_F,TTAGAGTYCTTAAGCGTCTCTTG,DENV3
DSP4_F,CCTGGTTGATGACAAAAGTCTTG,DENV4
DV.L1_R,CATTCCATTTTCTGGCGTTCT,"DENV1, DENV2, DENV3"
Pan_F,TTGAGTAAACYRTGCTGCCTGTAGCTC,ALL
Fragment_A_F,AGTTGTTAGTCTACGTGGACCG,ALL
Fragment_B_R,TGGCGTTCTGTGCCTGGAAT,ALL
d2s1Csingle_bondCC_F,AGTTGTTAGTCTACGTGGACCGACA,DENV2
Forward_F,CATGGCCCTKGTGGCG,DENV2
Reverse_R,CCCCATCTYTTCAGTATCCCTG,DENV2
Group_forward_F,AAGGACTAGAGGTTAKAGGAGACCC,ALL
Group_reverse_R,GGCGYTCTGTGCCTGGAWTGATG,ALL
DEN2-C_R,GTGTTATTTTGATTTCCTTG,DENV2
DENV-4_F,GYGTGGTGAAGCCYCTRGAT,DENV4
Cebeof_1_R,AGAACCTGTTGATTCAACAGC,DENV2
DoaSSMfPSaGoDV_4_R,GCTGATCGAATTCCACACARCC,DENV1
DoaSSMfPSaGoDV_10_R,CTCGCTGGGGACTCTGGTTG,DENV4
1537-1557_R,GGTAGGTCTAGGAACCATTGT,DENV1
1139-1158_F,ACAACCGACTCAAGATGTCC,DENV3
CYD2_R,GTTGATGGCGCATCCTTGATC,DENV2
1_F,CTGCGCACGCTAGTCTTA,DENV1
1_R,GTGGCGTGACACATAAGG,DENV1
2_F,TGCGCACGCTAGTCTTAG,DENV1
3_R,TGGCGTGACACATAAGGT,DENV1
